W,W,W,W,W,W,W,W,W,W,W,W,W,W,W,W,W,W,W,W,W,W,W,W,W,W,W,W,W,W,W,W,W,W,W,W,W,W,W,W,W,W,W,W,W,W,W,W,W,W,W,W,W,W,W,W,W,W,W,W,W,W,W,W,W,W,W,W,W,W,W,W,W,W,W,W,W,W,W,W,W,W,W,W,W,W,W,W,W,W,W,W,W,W,W,W,W,W,W,W,W,W,W,W,W,W,W,W,W,W,W,W,W,W,W,W,W,W,W,W
W,W,W,W,W,W,W,W,W,W,W,W,W,W,W,W,W,W,W,W,W,W,W,W,W,W,W,W,W,W,W,W,W,W,W,W,W,W,W,W,W,W,W,W,W,W,W,W,W,W,W,W,W,W,W,W,W,W,W,W,W,W,W,W,W,W,W,W,W,W,W,W,W,W,W,W,W,W,W,W,W,W,W,W,W,W,W,W,W,W,W,W,W,W,W,W,W,W,W,W,W,W,W,W,W,W,W,W,W,W,W,W,W,W,W,W,W,W,W,W
W,W,W,W,W,W,W,W,W,W,W,W,W,W,W,W,W,W,W,W,W,W,W,W,W,W,W,W,W,W,W,W,W,W,W,W,W,W,W,W,W,W,W,W,W,W,W,W,W,W,W,W,W,W,W,W,W,W,W,W,W,W,W,W,W,W,W,W,W,W,W,W,W,W,W,W,W,W,W,W,W,W,W,W,W,W,W,W,W,W,W,W,W,W,W,W,W,W,W,W,W,W,W,W,W,W,W,W,W,W,W,W,W,W,W,W,W,W,W,W
W,W,W,W,W,W,W,W,W,W,W,W,W,W,W,W,W,W,W,W,W,W,W,W,W,W,W,W,W,W,W,W,W,W,W,W,W,W,W,W,W,W,W,W,W,W,W,W,W,W,W,W,W,W,W,W,W,W,W,W,W,W,W,W,W,W,W,W,W,W,W,W,W,W,W,W,W,W,W,W,W,W,W,W,W,W,W,W,W,W,W,W,W,W,W,W,W,W,W,W,W,W,W,W,W,W,W,W,W,W,W,W,W,W,W,W,W,W,W,W
W,W,W,W,W,W,W,W,W,W,W,W,W,W,W,W,W,W,W,W,W,W,W,W,W,W,W,W,W,W,W,W,W,W,W,W,W,W,W,W,W,W,W,W,W,W,W,W,W,W,W,W,W,W,W,W,W,W,W,W,W,W,W,W,W,W,W,W,W,W,W,W,W,W,W,W,W,W,W,W,W,W,W,W,W,W,W,W,W,W,W,W,W,W,W,W,W,W,W,W,W,W,W,W,W,W,W,W,W,W,W,W,W,W,W,W,W,W,W,W
W,W,W,W,W,W,W,W,W,W,W,W,W,W,W,W,W,W,W,W,W,W,W,W,W,W,W,W,W,W,W,W,W,W,W,W,W,W,W,W,W,W,W,W,W,W,W,W,W,W,W,W,W,W,W,W,W,W,W,W,W,W,W,W,W,W,W,W,W,W,W,W,W,W,W,W,W,W,W,W,W,W,W,W,W,W,W,W,W,W,W,W,W,W,W,W,W,W,W,W,W,W,W,W,W,W,W,W,W,W,W,W,W,W,W,W,W,W,W,W
W,W,W,W,W,W,W,W,W,W,W,W,W,W,W,W,W,W,W,W,W,W,W,W,W,W,W,W,W,W,W,W,W,W,W,W,W,W,W,W,W,W,W,W,W,W,W,W,W,W,W,W,W,W,W,W,W,W,W,W,W,W,W,W,W,W,W,W,W,W,W,W,W,W,W,W,W,W,W,W,W,W,W,W,W,W,W,W,W,W,W,W,W,W,W,W,W,W,W,W,W,W,W,W,W,W,W,W,W,W,W,W,W,W,W,W,W,W,W,W
W,W,W,W,W,W,W,W,W,W,W,W,W,W,W,W,W,W,W,W,W,W,W,W,W,W,W,W,W,W,W,W,W,W,W,W,W,W,W,W,W,W,W,W,W,W,W,W,W,W,W,W,W,W,W,W,W,W,W,W,W,W,W,W,W,W,W,W,W,W,W,W,W,W,W,W,W,W,W,W,W,W,W,W,W,W,W,W,W,W,W,W,W,W,W,W,W,W,W,W,W,W,W,W,W,W,W,W,W,W,W,W,W,W,W,W,W,W,W,W
W,W,W,W,W,W,W,W,W,W,W,W,W,W,W,W,W,W,W,W,W,W,W,W,W,W,W,W,W,W,W,W,W,W,W,W,W,W,W,W,W,W,W,W,W,W,W,W,W,W,W,W,W,W,W,W,W,W,W,W,W,W,W,W,W,W,W,W,W,W,W,W,W,W,W,W,W,W,W,W,W,W,W,W,W,W,W,W,W,W,W,W,W,W,W,W,W,W,W,W,W,W,W,W,W,W,W,W,W,W,W,W,W,W,W,W,W,W,W,W
W,W,W,W,W,W,W,W,W,W,W,W,W,W,W,W,W,W,W,W,W,W,W,W,W,W,W,W,W,W,W,W,W,W,W,W,W,W,W,W,W,W,W,W,W,W,W,W,W,W,W,W,W,W,W,W,W,W,W,W,W,W,W,W,W,W,W,W,W,W,W,W,W,W,W,W,W,W,W,W,W,W,W,W,W,W,W,W,W,W,W,W,W,W,W,W,W,W,W,W,W,W,W,W,W,W,W,W,W,W,W,W,W,W,W,W,W,W,W,W
W,W,W,W,W,W,W,W,W,W,W,W,W,W,W,W,W,W,W,W,W,W,W,W,W,W,W,W,W,W,W,W,W,W,W,W,W,W,W,W,W,W,W,W,W,W,W,W,W,W,W,W,W,W,W,W,W,W,W,W,W,W,W,W,W,W,W,W,W,W,W,W,W,W,W,W,W,W,W,W,W,W,W,W,W,W,W,W,W,W,W,W,W,W,W,W,W,W,W,W,W,W,W,W,W,W,W,W,W,W,W,W,W,W,W,W,W,W,W,W
W,W,W,W,W,W,W,W,W,W,W,W,W,W,W,W,W,W,W,W,W,W,W,W,W,W,W,W,W,W,W,W,W,W,W,W,W,W,W,W,W,W,W,W,W,W,W,W,W,W,W,W,W,W,W,W,W,W,W,W,W,W,W,W,W,W,W,W,W,W,W,W,W,W,W,W,W,W,W,W,W,W,W,W,W,W,W,W,W,W,W,W,W,W,W,W,W,W,W,W,W,W,W,W,W,W,W,W,W,W,W,W,W,W,W,W,W,W,W,W
W,W,W,W,W,W,W,W,W,W,W,W,W,W,W,W,W,W,W,W,W,W,W,W,W,W,W,W,W,W,W,W,W,W,W,W,W,W,W,W,W,W,W,W,W,W,W,W,W,W,W,W,W,W,W,W,W,W,W,W,W,W,W,W,W,W,W,W,W,W,W,W,W,W,W,W,W,W,W,W,W,W,W,W,W,W,W,W,W,W,W,W,W,W,W,W,W,W,W,W,W,W,W,W,W,W,W,W,W,W,W,W,W,W,W,W,W,W,W,W
W,W,W,W,W,W,W,W,W,W,W,W,W,W,W,W,W,W,W,W,W,W,W,W,W,W,W,W,W,W,W,W,W,W,W,W,W,W,W,W,W,W,W,W,W,W,W,W,W,W,W,W,W,W,W,W,W,W,W,W,W,W,W,W,W,W,W,W,W,W,W,W,W,W,W,W,W,W,W,W,W,W,W,W,W,W,W,W,W,W,W,W,W,W,W,W,W,W,W,W,W,W,W,W,W,W,W,W,W,W,W,W,W,W,W,W,W,W,W,W
W,W,W,W,W,W,W,W,W,W,W,W,W,W,W,W,W,W,W,W,W,W,W,W,W,W,W,W,W,W,W,W,W,W,W,W,W,W,W,W,W,W,W,W,W,W,W,W,W,W,W,W,W,W,W,W,W,W,W,W,W,W,W,W,W,W,W,W,W,W,W,W,W,W,W,W,W,W,W,W,W,W,W,W,W,W,W,W,W,W,W,W,W,W,W,W,W,W,W,W,W,W,W,W,W,W,W,W,W,W,W,W,W,W,W,W,W,W,W,W
W,W,W,W,W,W,W,W,W,W,W,W,W,W,W,W,W,W,W,W,W,W,W,W,W,W,W,W,W,W,W,W,W,W,W,W,W,W,W,W,W,W,W,W,W,W,W,W,W,W,W,W,W,W,W,W,W,W,W,W,W,W,W,W,W,W,W,W,W,W,W,W,W,W,W,W,W,W,W,W,W,W,W,W,W,W,W,W,W,W,W,W,W,W,W,W,W,W,W,W,W,W,W,W,W,W,W,W,W,W,W,W,W,W,W,W,W,W,W,W
W,W,W,W,W,W,W,W,W,W,W,W,W,W,W,W,W,W,W,W,W,W,W,W,W,W,W,W,W,W,W,W,W,W,W,W,W,W,W,W,W,W,W,W,W,W,W,W,W,W,W,W,W,W,W,W,W,W,W,W,W,W,W,W,W,W,W,W,W,W,W,W,W,W,W,W,W,W,W,W,W,W,W,W,W,W,W,W,W,W,W,W,W,W,W,W,W,W,W,W,W,W,W,W,W,W,W,W,W,W,W,W,W,W,W,W,W,W,W,W
W,W,W,W,W,W,W,W,W,W,W,W,W,W,W,W,W,W,W,W,W,W,W,W,W,W,W,W,W,W,W,W,W,W,W,W,W,W,W,W,W,W,W,W,W,W,W,W,W,W,W,W,W,W,W,W,W,W,W,W,W,W,W,W,W,W,W,W,W,W,W,W,W,W,W,W,W,W,W,W,W,W,W,W,W,W,W,W,W,W,W,W,W,W,W,W,W,W,W,W,W,W,W,W,W,W,W,W,W,W,W,W,W,W,W,W,W,W,W,W
W,W,W,W,W,W,W,W,W,W,W,W,W,W,W,W,W,W,W,W,W,W,W,W,W,W,W,W,W,W,W,W,W,W,W,W,W,W,W,W,W,W,W,W,W,W,W,W,W,W,W,W,W,W,W,W,W,W,W,W,W,W,W,W,W,W,W,W,W,W,W,W,W,W,W,W,W,W,W,W,W,W,W,W,W,W,W,W,W,W,W,W,W,W,W,W,W,W,W,W,W,W,W,W,W,W,W,W,W,W,W,W,W,W,W,W,W,W,W,W
W,W,W,W,W,W,W,W,W,W,W,W,W,W,W,W,W,W,W,W,W,W,W,W,W,W,W,W,W,W,W,W,W,W,W,W,W,W,W,W,W,W,W,W,W,W,W,W,W,W,W,W,W,W,W,W,W,W,W,W,W,W,W,W,W,W,W,W,W,W,W,W,W,W,W,W,W,W,W,W,W,W,W,W,W,W,W,W,W,W,W,W,W,W,W,W,W,W,W,W,W,W,W,W,W,W,W,W,W,W,W,W,W,W,W,W,W,W,W,W
W,W,W,W,W,W,W,W,W,W,W,W,W,W,W,W,W,W,W,W,W,W,W,W,W,W,W,W,W,W,W,W,W,W,W,W,W,W,W,W,W,W,W,W,W,W,W,W,W,W,W,W,W,W,W,W,W,W,W,W,W,W,W,W,W,W,W,W,W,W,W,W,W,W,W,W,W,W,W,W,W,W,W,W,W,W,W,W,W,W,W,W,W,W,W,W,W,W,W,W,W,W,W,W,W,W,W,W,W,W,W,W,W,W,W,W,W,W,W,W
W,W,W,W,W,W,W,W,W,W,W,W,W,W,W,W,W,W,W,W,W,W,W,W,W,W,W,W,W,W,W,W,W,W,W,W,W,W,W,W,W,W,W,W,W,W,W,W,W,W,W,W,W,W,W,W,W,W,W,W,W,W,W,W,W,W,W,W,W,W,W,W,W,W,W,W,W,W,W,W,W,W,W,W,W,W,W,W,W,W,W,W,W,W,W,W,W,W,W,W,W,W,W,W,W,W,W,W,W,W,W,W,W,W,W,W,W,W,W,W
W,W,W,W,W,W,W,W,W,W,W,W,W,W,W,W,W,W,W,W,W,W,W,W,W,G,G,G,G,T,T,T,G,G,G,G,W,W,W,W,W,G,G,G,G,G,W,W,W,W,W,W,W,W,W,W,W,W,W,W,W,W,W,W,W,W,W,W,W,W,W,W,W,W,W,W,W,W,W,W,W,W,W,W,W,W,W,W,W,W,W,W,W,W,W,W,W,W,W,W,W,W,W,W,W,W,W,W,W,W,W,W,W,W,W,W,W,W,W,W
G,G,G,G,T,T,T,T,T,T,T,T,G,G,G,G,G,G,G,G,G,G,G,G,G,G,G,T,T,T,T,T,T,G,G,G,G,G,G,G,G,G,G,G,G,G,G,G,W,W,W,W,W,W,W,W,W,W,W,W,W,W,W,W,W,W,W,W,W,W,W,W,W,W,W,W,W,W,W,W,W,W,W,W,W,W,W,W,W,W,W,W,W,W,W,W,W,W,W,W,W,W,W,W,W,W,W,W,W,W,W,W,W,W,W,W,W,W,W,W
G,G,G,G,T,T,T,T,T,T,T,T,T,2G,G,G,G,G,G,G,G,G,G,G,G,G,T,T,T,T,T,T,T,T,T,2G,G,G,G,G,G,G,G,G,G,G,G,G,G,G,W,W,W,W,W,W,W,W,W,W,W,W,W,W,W,W,W,W,W,W,W,W,W,W,W,W,W,W,W,W,W,W,W,W,W,W,W,W,W,W,W,W,W,W,W,W,W,W,W,W,W,W,W,W,W,W,W,W,W,W,W,W,W,W,W,W,W,W,W,W
G,G,G,T,T,T,T,T,T,T,T,T,T,T,G,G,G,G,G,G,G,G,G,G,G,T,T,T,T,T,T,T,T,T,T,T,T,T,T,T,G,G,G,G,G,G,G,G,G,G,W,W,W,W,W,W,W,W,W,W,W,W,W,W,W,W,W,W,W,W,W,W,W,W,W,W,W,W,W,W,W,W,W,W,W,W,W,W,W,W,W,W,W,W,W,W,W,W,W,W,W,W,W,W,W,W,W,W,W,W,W,W,W,W,W,W,W,W,W,W
G,G,G,T,T,T,T,T,T,T,T,T,T,T,T,T,G,G,G,G,G,G,G,T,T,T,T,T,T,T,T,T,T,T,T,T,T,T,T,T,G,G,G,G,G,G,G,G,G,G,G,W,W,W,W,W,W,W,W,W,W,W,W,W,W,W,W,W,W,W,W,W,W,W,W,W,W,W,W,W,W,W,W,W,W,W,W,W,W,W,W,W,W,W,W,W,W,W,W,W,W,W,W,W,W,W,W,W,W,W,W,W,W,W,W,W,W,W,W,W
G,G,T,T,T,T,T,T,T,T,T,T,T,T,T,T,T,G,G,G,G,G,T,T,T,T,T,T,T,T,T,T,T,T,T,T,T,T,T,T,T,G,G,G,G,G,G,G,G,G,G,G,G,G,G,G,W,W,W,W,W,W,W,W,W,W,W,W,W,W,W,W,W,W,W,W,W,W,W,W,W,W,W,W,W,W,W,W,W,W,W,W,W,W,W,W,W,W,W,W,W,W,W,W,W,W,W,W,W,W,W,W,W,W,W,W,W,W,W,W
G,T,T,T,T,T,T,T,T,T,T,T,T,T,T,T,T,T,T,T,T,T,T,T,T,T,T,T,T,T,T,T,T,T,T,T,T,T,T,T,T,G,G,G,G,G,G,G,G,G,G,G,G,G,G,G,G,G,G,G,W,W,W,W,W,W,W,W,W,W,W,W,W,W,W,W,W,W,W,W,W,W,W,W,W,W,W,W,W,W,W,W,W,W,W,W,W,W,W,W,W,W,W,W,W,W,W,W,W,W,W,W,W,W,W,W,W,W,W,W
G,T,T,T,T,T,T,T,T,T,T,T,T,T,T,T,T,T,T,T,T,T,T,T,T,T,T,T,T,T,T,T,T,T,T,T,T,T,T,T,T,G,G,G,G,G,G,G,G,G,G,G,G,G,G,G,G,G,G,G,W,W,W,W,W,W,W,W,W,W,W,W,W,W,W,W,W,W,W,W,W,W,W,W,W,W,W,W,W,W,W,W,W,W,W,W,W,W,W,W,W,W,W,W,W,W,W,W,W,W,W,W,W,W,W,W,W,W,W,W
G,T,T,T,T,T,T,T,T,T,T,T,T,T,T,T,T,T,T,T,T,T,T,T,T,T,T,T,T,T,T,T,T,T,T,T,T,T,T,T,G,G,2G,2G,2G,G,G,G,G,G,G,G,G,G,G,G,G,2G,2G,G,G,G,G,G,G,G,G,W,W,W,W,W,W,G,G,G,G,W,W,W,W,W,W,W,W,W,W,W,W,W,W,W,W,W,W,W,W,W,W,W,W,W,W,W,W,W,W,W,W,W,W,W,W,W,W,W,W,W,W,W
G,G,T,T,T,T,T,T,T,T,T,T,T,T,T,T,T,T,T,T,T,T,T,T,T,T,T,T,T,T,T,T,T,T,T,T,T,T,T,T,G,2G,2G,2G,2G,2G,G,G,G,G,G,G,G,G,G,G,G,2G,2G,2G,G,G,G,G,G,G,G,G,W,W,W,W,G,G,G,G,G,T,T,W,W,W,W,W,W,W,W,W,W,W,W,W,W,W,W,W,W,W,W,W,W,W,W,W,W,W,W,W,W,W,W,W,W,W,W,W,W,W,W,W
G,G,G,T,T,T,T,T,T,T,T,G,G,G,G,G,G,G,G,G,G,G,G,G,G,G,G,G,G,G,G,G,G,G,G,G,G,G,G,G,G,2G,2G,2G,2G,2G,G,G,G,G,G,G,G,G,G,G,G,G,2G,2G,G,G,G,G,G,W,W,W,W,W,W,W,G,G,G,G,G,T,T,T,T,T,T,G,G,G,W,W,W,W,W,W,W,W,W,W,W,W,W,W,W,W,W,W,W,W,W,W,W,W,W,W,W,W,W,W,W,W,W,W
G,G,G,G,T,T,T,T,T,G,G,G,G,G,G,G,G,G,G,G,G,G,G,G,G,G,G,G,G,G,G,G,G,G,G,G,G,G,G,G,G,2G,2G,2G,2G,2G,G,G,G,G,G,G,G,G,G,G,G,G,G,2G,G,G,G,G,W,W,W,W,W,W,W,G,G,G,G,G,G,G,T,T,T,T,2G,2G,2G,G,G,G,W,W,W,W,W,W,W,W,W,W,W,W,W,W,W,W,W,W,W,W,W,W,W,W,W,W,W,W,W,W,W,W
G,G,G,2G,2G,T,T,T,G,G,G,G,G,G,G,G,G,G,G,G,G,G,G,G,G,G,G,G,G,G,G,G,G,G,G,G,G,G,G,G,G,2G,2G,2G,2G,G,G,G,G,G,G,G,G,T,T,T,G,G,G,G,G,G,W,W,W,W,W,W,W,W,G,G,G,G,G,G,G,G,G,T,T,T,2G,2G,2G,2G,2G,G,G,G,G,G,G,G,G,W,W,W,W,W,W,W,W,W,W,W,W,W,W,W,W,W,W,W,W,W,W,W,W,W
2G,2G,2G,2G,2G,2G,2G,2G,2G,2G,G,G,G,G,G,G,G,G,G,G,G,G,G,G,G,G,G,G,G,G,G,G,G,G,G,G,G,G,G,G,2G,2G,2G,2G,G,G,G,G,G,G,G,G,T,T,T,T,T,G,G,G,W,W,W,W,W,W,W,W,W,G,G,2G,G,G,G,G,G,G,G,G,G,G,2G,2G,2G,2G,2G,2G,2G,G,G,G,G,G,G,G,G,G,G,W,W,W,W,W,W,W,W,W,W,W,W,W,G,T,W,W,W,W,W,W
2G,2G,2G,2G,2G,2G,2G,2G,2G,2G,G,G,G,G,G,G,G,G,G,G,G,G,G,G,G,G,G,G,G,G,G,G,G,G,G,G,G,G,G,2G,2G,2G,2G,2G,G,G,G,G,G,G,G,T,T,T,T,T,T,T,W,W,W,W,W,W,W,W,W,W,G,G,2G,2G,G,G,G,G,G,G,G,G,G,G,2G,2G,2G,2G,2G,2G,2G,2G,G,G,G,G,G,2G,2G,2G,G,G,G,G,G,G,G,G,G,G,G,G,G,G,G,T,T,T,T,T,T,T
2G,2G,2G,2G,2G,2G,2G,2G,2G,2G,G,G,G,G,G,G,G,G,G,G,G,G,G,G,G,G,G,G,G,G,G,G,G,G,G,G,G,G,G,2G,2G,2G,G,G,G,G,G,G,G,G,G,T,T,T,T,T,W,W,W,W,W,W,W,W,W,W,G,G,G,2G,2G,G,G,G,G,G,G,G,G,G,G,G,2G,2G,2G,2G,2G,2G,2G,2G,2G,G,G,G,G,2G,2G,2G,2G,G,G,G,G,G,G,G,G,G,G,G,G,G,G,T,T,T,T,T,T,T
2G,2G,2G,2G,2G,2G,2G,2G,2G,G,G,G,G,G,G,G,G,G,2G,2G,2G,G,G,G,G,G,G,G,G,G,G,G,G,G,G,G,2G,G,G,G,G,G,G,G,G,G,G,G,G,G,G,T,T,T,W,W,W,W,W,W,W,W,W,W,T,T,G,G,2G,2G,G,G,G,G,G,G,G,G,G,G,G,G,2G,2G,2G,2G,2G,2G,2G,2G,G,G,G,G,G,G,G,2G,2G,G,G,G,G,G,G,G,G,G,G,G,G,G,G,T,T,T,T,T,T,T
G,G,G,G,G,G,G,G,G,G,G,G,G,G,G,G,G,2G,2G,2G,2G,G,G,G,G,G,G,G,G,G,G,G,G,G,G,2G,G,G,G,G,G,G,G,G,G,G,G,G,G,G,G,T,W,W,W,W,W,W,W,W,W,W,T,T,T,T,T,G,2G,G,G,G,G,G,G,G,G,G,G,G,G,G,2G,2G,2G,G,G,G,G,G,G,G,G,G,G,G,G,G,G,2G,G,G,G,G,G,G,G,G,G,G,G,G,G,T,T,T,T,T,T,T
G,G,G,G,G,G,G,G,G,G,G,G,G,G,G,G,G,2G,2G,2G,2G,2G,G,G,G,G,G,G,G,G,G,G,G,G,2G,2G,G,G,G,G,G,G,G,G,G,G,G,G,G,G,W,W,W,W,W,W,W,W,W,W,T,T,T,T,T,T,T,T,2G,G,G,G,G,G,G,G,G,G,G,G,G,G,2G,2G,G,G,G,G,G,G,G,G,G,G,G,G,G,G,G,2G,2G,G,G,G,G,G,G,G,G,G,G,G,G,T,T,T,T,T,T,G
G,G,G,G,G,G,G,G,T,T,G,G,G,G,G,G,G,2G,2G,2G,2G,2G,2G,G,G,G,G,G,G,G,G,G,G,2G,2G,2G,G,G,G,G,G,G,G,G,G,G,G,G,W,W,W,W,W,W,W,W,W,W,T,T,T,T,T,T,T,T,T,T,2G,G,G,G,G,G,G,G,G,G,G,G,G,G,G,G,G,G,G,G,G,G,G,G,G,G,G,G,G,G,G,G,2G,2G,G,G,G,G,G,G,G,G,G,G,G,T,T,T,T,T,G,G
G,G,G,G,G,G,G,T,T,T,T,T,G,G,G,G,G,2G,2G,2G,2G,2G,2G,G,G,G,G,G,G,G,G,G,2G,2G,2G,2G,G,G,G,G,G,G,G,G,G,G,W,W,W,W,W,W,W,W,T,T,T,T,T,T,T,T,T,T,T,T,T,T,G,G,G,G,G,G,G,G,G,G,G,G,G,G,G,G,G,G,G,G,G,G,G,G,G,G,G,G,G,G,G,G,2G,2G,2G,G,G,G,G,G,G,G,G,G,2G,T,T,T,T,G,G,G
G,G,G,G,G,G,T,T,T,T,T,T,G,G,G,G,G,2G,2G,2G,2G,2G,2G,2G,G,G,G,G,G,G,G,2G,2G,2G,2G,2G,G,G,G,G,G,G,G,G,G,W,W,W,W,W,W,W,G,G,T,T,T,T,T,T,T,T,T,T,T,T,T,G,G,G,G,G,G,G,G,G,G,G,G,G,G,G,G,G,G,G,G,G,G,G,G,G,G,G,G,G,G,G,G,G,2G,2G,2G,2G,G,G,G,G,G,G,G,G,G,T,T,T,T,G,G,G
G,G,G,G,G,T,T,T,T,T,T,T,G,G,G,G,G,2G,2G,2G,2G,2G,2G,2G,G,G,G,G,G,G,G,2G,2G,2G,2G,2G,G,G,G,G,G,G,G,G,W,W,W,W,W,W,W,W,G,G,T,T,T,T,G,2G,G,G,G,G,G,G,G,G,G,G,G,G,G,G,G,G,G,G,G,G,G,G,G,G,G,G,G,G,G,G,G,G,G,G,G,G,G,G,G,G,G,2G,2G,2G,G,G,G,G,G,G,G,G,G,G,T,T,G,G,G,G
G,G,G,G,G,T,T,T,T,T,T,T,G,G,G,G,G,2G,2G,2G,2G,2G,2G,G,G,G,G,G,G,G,G,G,2G,2G,2G,2G,2G,G,G,G,G,G,G,W,W,W,W,W,W,W,G,G,G,G,T,T,G,2G,2G,2G,2G,G,G,G,G,G,G,G,G,G,G,G,G,G,G,G,G,G,G,T,T,G,G,G,G,G,G,G,G,G,G,G,G,G,G,G,G,G,G,G,G,2G,2G,G,G,G,G,G,G,G,G,G,G,G,2G,T,T,G,G,G
G,G,G,G,T,T,T,T,T,T,T,G,G,G,G,G,G,2G,2G,2G,2G,2G,G,G,G,G,G,G,G,G,G,G,G,2G,2G,2G,2G,G,G,G,G,G,W,W,W,W,W,W,W,G,G,G,G,T,T,T,2G,2G,2G,2G,2G,G,G,G,G,G,G,G,G,G,G,G,G,G,G,G,G,G,G,T,T,T,G,G,G,G,G,G,G,G,G,G,G,G,G,G,G,G,G,G,G,T,T,T,G,G,G,G,G,G,G,G,G,G,2G,T,T,T,G,G
G,G,G,T,T,T,T,T,T,T,G,G,G,G,G,G,G,2G,2G,2G,2G,2G,G,G,G,G,G,G,G,G,G,G,G,2G,2G,2G,2G,2G,G,G,G,W,W,W,W,W,W,W,G,G,G,G,T,T,T,T,G,2G,2G,2G,2G,G,G,G,G,G,G,G,G,G,G,G,G,G,G,G,G,G,G,T,T,T,T,G,G,G,G,G,G,G,2G,2G,2G,G,G,G,G,G,G,G,T,T,T,T,G,G,G,G,G,G,G,G,G,G,2G,T,T,T,T,G
G,G,G,T,T,T,T,T,T,T,G,G,G,G,G,G,G,2G,2G,2G,2G,2G,G,G,G,G,G,G,G,G,G,G,G,2G,2G,2G,2G,2G,G,G,G,W,W,W,W,W,W,G,G,G,G,T,T,T,T,G,G,2G,2G,2G,2G,2G,G,G,G,G,G,G,G,G,G,G,G,G,G,2G,2G,G,G,T,T,T,T,T,G,G,G,G,G,2G,2G,2G,2G,2G,G,G,G,G,T,T,T,T,T,T,G,G,G,G,G,G,G,G,G,2G,2G,T,T,T,T,T
G,G,G,T,T,T,T,T,T,T,G,G,G,G,G,G,G,2G,2G,2G,2G,2G,G,G,G,G,G,G,G,G,G,G,G,2G,2G,2G,2G,2G,G,G,G,W,W,W,W,W,G,G,G,G,G,T,T,T,G,G,G,G,2G,2G,2G,2G,2G,G,G,G,G,G,G,G,G,G,G,G,2G,2G,2G,2G,2G,G,T,T,T,T,T,G,G,G,2G,2G,2G,2G,2G,2G,2G,G,G,T,T,T,T,T,T,T,G,G,G,G,G,G,G,G,G,2G,2G,T,T,T,T,T
2G,G,G,T,T,T,T,T,T,T,G,G,G,G,G,G,G,2G,2G,2G,2G,G,G,G,G,G,G,G,G,G,G,G,G,2G,2G,2G,2G,2G,G,G,T,W,W,W,W,G,G,2G,2G,G,G,G,G,G,G,G,G,G,2G,2G,2G,2G,2G,2G,G,G,G,G,G,2G,2G,2G,2G,2G,2G,2G,2G,2G,2G,2G,T,T,T,T,T,T,G,2G,2G,2G,2G,2G,2G,2G,2G,T,T,T,T,T,T,T,T,T,G,G,G,G,G,G,G,G,2G,2G,2G,T,T,T,T,T
2G,2G,2G,T,T,T,T,T,T,T,G,G,G,G,G,G,2G,2G,2G,2G,G,G,G,G,G,G,G,G,G,G,G,G,2G,2G,2G,2G,2G,2G,T,T,T,W,W,W,W,W,G,G,2G,2G,G,G,G,G,G,G,G,G,G,2G,2G,2G,2G,2G,2G,2G,2G,2G,2G,2G,2G,2G,2G,2G,2G,2G,2G,2G,2G,2G,2G,T,T,T,T,T,2G,2G,2G,2G,2G,2G,2G,2G,T,T,T,T,T,T,T,T,T,T,G,G,G,G,G,G,G,G,G,2G,2G,T,T,T,T,T
2G,2G,2G,2G,T,T,T,T,T,T,G,G,G,G,G,2G,2G,2G,2G,G,G,G,G,G,T,T,T,G,G,G,G,2G,2G,2G,2G,2G,2G,T,T,T,T,W,W,W,W,W,W,G,G,2G,2G,G,G,G,G,G,G,G,G,G,2G,2G,2G,2G,2G,2G,2G,2G,2G,2G,2G,2G,2G,2G,2G,2G,2G,2G,2G,2G,2G,2G,2G,2G,T,T,T,2G,2G,2G,2G,T,T,T,T,T,T,T,T,T,T,T,T,T,G,G,G,G,G,G,G,G,G,G,2G,T,T,T,T,T
2G,2G,2G,2G,G,T,T,T,T,T,G,G,G,G,G,2G,2G,G,G,G,G,G,G,G,G,T,T,T,T,T,T,T,2G,2G,2G,2G,2G,T,T,T,T,W,W,W,W,W,W,W,G,G,2G,2G,G,G,G,G,G,G,G,G,G,G,2G,2G,2G,2G,2G,2G,2G,2G,2G,2G,2G,2G,2G,2G,2G,2G,2G,2G,2G,2G,2G,2G,2G,2G,2G,T,T,T,T,T,T,T,T,T,T,T,T,T,T,T,T,G,G,G,G,G,G,G,G,G,G,G,G,G,2G,2G,2G,2G
2G,2G,2G,2G,G,G,T,T,T,T,G,G,G,G,G,G,G,G,G,G,G,G,G,G,G,T,T,T,T,T,T,T,T,T,T,T,T,T,T,T,T,G,W,W,W,W,W,W,W,G,G,2G,G,G,G,G,G,G,G,G,G,G,G,2G,2G,2G,2G,2G,2G,2G,2G,2G,G,G,G,G,G,2G,2G,2G,2G,2G,2G,2G,2G,2G,2G,2G,T,T,T,T,T,T,T,T,T,T,T,T,T,T,G,G,G,G,G,G,G,G,G,G,T,T,G,G,G,G,G,G
G,G,G,2G,G,G,T,T,T,T,G,G,G,G,G,G,G,G,G,G,G,G,G,G,G,G,T,T,T,T,T,T,T,T,T,2G,2G,2G,2G,G,G,G,G,W,W,W,W,W,W,W,G,G,G,G,G,G,G,G,G,G,G,G,G,G,2G,2G,2G,T,T,2G,2G,G,G,G,G,G,G,G,G,G,G,G,G,G,G,G,G,G,T,T,T,T,T,T,T,T,T,T,T,T,G,G,G,G,G,G,G,G,G,G,G,T,T,T,G,G,G,G,G,G
G,G,G,2G,2G,G,G,T,T,G,G,G,G,G,G,G,G,G,G,G,G,G,G,G,G,G,2G,T,T,T,T,T,T,T,G,2G,2G,G,G,G,G,G,G,G,W,W,W,W,W,W,W,W,G,G,G,G,G,G,G,G,G,G,G,G,G,T,T,T,T,2G,G,G,G,G,G,G,G,G,G,G,G,G,G,G,G,G,G,G,T,T,T,T,T,T,G,G,G,G,G,G,G,G,G,G,G,G,G,G,G,G,G,T,T,G,G,G,G,G,G,G
G,G,G,G,2G,2G,T,T,G,G,G,G,G,G,G,G,G,G,G,G,G,G,G,G,G,2G,2G,G,T,T,T,T,T,G,G,G,G,G,G,G,G,G,G,G,G,W,W,W,W,W,W,W,W,W,G,G,G,G,G,G,G,G,G,G,G,T,T,T,T,G,G,G,G,G,G,G,G,G,G,G,G,G,G,G,G,G,G,G,G,T,T,T,T,G,G,G,G,G,G,G,G,2G,G,G,G,G,G,G,G,G,G,G,G,G,G,G,G,G,G,G
G,G,G,G,2G,T,T,T,G,G,G,G,G,G,G,G,G,G,G,G,G,G,G,G,2G,2G,2G,G,G,T,T,T,G,G,G,G,G,G,G,G,G,G,G,G,G,G,G,W,W,W,W,W,W,W,W,W,G,G,G,G,G,G,G,G,G,T,T,T,G,G,G,G,G,G,G,G,G,G,G,G,G,G,G,G,G,G,G,G,G,T,T,T,G,2G,G,G,G,G,G,G,2G,2G,2G,G,G,G,G,G,G,G,2G,2G,2G,2G,G,G,G,G,G,G
G,G,G,G,T,T,T,G,G,G,G,G,G,G,G,G,G,G,G,G,G,G,G,2G,2G,2G,2G,G,G,G,G,G,G,G,G,G,G,G,G,G,G,G,G,G,G,G,G,G,G,G,W,W,W,W,W,W,W,W,G,G,G,G,G,G,G,T,T,G,G,G,G,G,G,G,G,G,G,G,G,G,G,G,G,G,G,G,G,G,G,T,G,G,2G,2G,2G,G,G,G,G,G,G,2G,2G,2G,G,G,G,G,G,2G,2G,2G,2G,2G,G,G,G,G,G,G
G,G,G,T,T,T,T,G,G,G,G,G,G,G,G,G,G,G,G,G,G,G,G,2G,2G,2G,2G,G,G,G,G,G,G,G,G,G,G,G,G,G,G,G,G,G,G,G,G,G,G,G,W,W,W,W,W,W,W,W,W,W,G,G,G,G,G,T,G,G,G,G,G,G,G,G,G,G,G,G,G,G,G,G,G,G,G,G,G,G,G,G,G,G,2G,2G,2G,2G,G,G,G,G,G,G,G,2G,2G,G,G,2G,2G,2G,2G,2G,2G,2G,2G,G,G,G,G,G
G,G,G,T,T,T,G,G,G,G,G,G,G,G,G,G,G,G,G,G,G,G,G,G,2G,2G,2G,G,G,G,G,G,G,G,G,G,G,G,G,G,G,G,G,G,G,G,G,T,T,T,T,T,W,W,W,W,W,W,W,W,W,W,G,G,T,T,G,G,G,G,G,G,G,G,G,G,G,G,G,G,G,G,G,G,G,G,G,G,G,G,G,G,2G,2G,2G,2G,G,G,G,G,G,G,G,G,G,G,G,G,2G,2G,2G,2G,2G,2G,2G,G,G,G,G,G
G,G,G,G,G,G,G,G,G,G,G,G,G,G,G,G,G,G,G,G,G,G,G,G,G,2G,G,G,G,G,G,G,G,G,G,G,G,G,G,G,G,G,G,G,G,G,T,T,T,T,T,T,T,T,W,W,W,W,W,W,W,W,W,W,T,T,T,G,G,G,G,G,G,G,G,G,G,G,G,G,G,G,G,G,G,G,G,G,G,G,G,G,2G,2G,G,G,G,G,G,G,G,G,G,G,G,G,G,G,G,G,G,2G,2G,2G,G,G,G,G,G,G
G,G,G,G,G,G,G,G,G,G,G,G,G,G,G,G,G,G,G,G,G,G,G,G,G,G,G,G,G,G,G,G,G,G,G,G,G,G,G,G,G,G,G,G,G,G,T,T,T,T,T,T,T,T,T,T,W,W,W,W,W,W,W,W,W,W,T,G,G,G,G,G,G,G,G,G,G,G,G,G,G,G,G,G,G,G,G,G,G,G,G,G,G,G,G,G,G,G,G,G,G,G,G,G,G,G,G,G,G,G,G,G,G,2G,G,G,G,G,G,G
G,G,G,G,G,G,G,G,G,G,G,G,G,G,G,G,G,G,G,G,G,G,G,G,G,G,2G,2G,G,G,G,G,G,G,G,G,G,G,G,G,G,G,G,G,G,G,T,T,T,T,T,T,T,T,T,T,T,G,W,W,W,W,W,W,W,W,W,W,G,G,G,G,G,G,G,G,G,G,G,G,G,G,G,G,T,T,G,G,G,G,2G,2G,G,G,G,G,G,G,G,G,G,G,G,G,G,G,G,G,G,G,G,G,G,G,G,G,G,G,G,G
G,G,G,G,G,2G,G,G,G,G,G,G,G,2G,G,G,G,G,G,G,G,G,G,G,G,G,2G,2G,2G,G,G,G,G,G,G,G,G,G,G,G,G,G,G,G,G,G,G,T,T,T,T,T,T,T,T,T,T,T,T,G,W,W,W,W,W,W,W,W,W,G,2G,G,G,G,G,G,G,G,G,G,G,G,G,T,T,T,G,G,G,2G,2G,G,G,G,G,G,G,G,G,G,G,G,G,G,G,G,G,G,G,G,G,G,G,G,G,G,G,G,T,T
G,G,G,G,2G,2G,2G,G,G,G,G,G,2G,2G,2G,G,G,G,G,G,G,G,G,G,G,G,2G,2G,2G,2G,2G,G,G,T,T,G,G,G,G,G,G,G,G,G,G,G,G,G,T,T,T,T,T,T,T,T,T,T,T,T,T,T,W,W,W,W,W,W,W,G,G,G,G,G,G,G,G,G,G,G,G,G,T,T,T,T,G,G,2G,2G,2G,G,G,G,G,G,G,G,G,G,G,G,G,G,G,G,G,G,G,G,G,G,G,G,G,G,G,T,T,T
2G,2G,2G,2G,2G,2G,2G,2G,G,G,2G,2G,2G,2G,G,G,G,G,G,G,G,G,G,G,G,G,2G,2G,2G,2G,2G,2G,T,T,T,T,G,G,G,G,G,G,G,G,G,G,G,G,2G,T,T,T,T,T,T,T,T,T,T,2G,G,G,G,T,W,W,W,W,W,W,W,G,G,2G,2G,2G,2G,2G,2G,G,G,G,T,T,T,G,G,G,G,G,G,G,G,G,G,G,G,G,G,G,G,G,G,G,G,G,G,G,G,G,G,G,G,G,G,G,G,T,T,T
2G,2G,2G,2G,G,G,2G,2G,2G,2G,2G,2G,2G,2G,G,G,G,G,G,G,G,G,G,G,G,G,2G,2G,2G,2G,2G,2G,T,T,T,T,G,G,G,G,G,G,2G,2G,G,G,G,2G,2G,2G,T,T,T,T,T,T,T,T,G,2G,2G,2G,2G,G,G,W,W,W,W,W,W,W,G,G,2G,2G,2G,2G,2G,2G,G,G,T,T,G,G,G,G,G,G,G,G,G,G,G,G,G,G,G,G,G,G,T,T,T,T,G,G,G,G,G,G,G,G,G,G,G,G,T,T
2G,2G,G,G,G,G,G,G,G,2G,2G,2G,2G,G,G,G,G,G,G,G,G,G,G,G,G,G,2G,2G,2G,2G,2G,T,T,T,T,G,G,G,G,G,G,G,2G,2G,2G,2G,2G,2G,2G,2G,G,T,T,T,T,T,T,G,G,G,2G,2G,G,G,G,G,T,W,W,W,W,W,W,G,2G,2G,2G,2G,2G,2G,G,G,G,G,G,G,G,G,G,G,G,G,G,G,G,G,G,G,G,G,G,T,T,T,T,T,T,G,G,G,G,G,G,G,G,G,G,G,G,G
2G,G,G,G,G,G,G,G,G,2G,2G,2G,2G,G,G,G,G,T,T,T,G,G,G,G,G,G,2G,2G,2G,2G,G,T,T,T,G,G,G,G,G,G,G,G,2G,2G,2G,2G,G,G,G,G,G,G,G,T,T,T,G,G,G,G,2G,G,G,G,G,G,G,W,W,W,W,W,W,G,2G,2G,2G,2G,G,G,G,G,G,G,G,G,G,G,G,G,G,G,G,G,G,G,G,G,G,G,T,T,T,T,T,T,T,G,2G,2G,G,G,G,G,G,G,G,G,G,G
G,G,G,G,G,G,G,G,G,2G,2G,2G,2G,G,G,G,T,T,T,T,T,G,G,G,G,G,2G,2G,2G,2G,G,T,G,G,G,G,G,G,G,G,G,G,2G,2G,2G,G,G,G,G,G,G,G,G,G,G,G,G,G,G,G,2G,G,G,G,G,G,G,G,W,W,W,W,W,G,G,G,G,G,G,G,G,G,G,G,G,G,G,G,G,G,G,G,G,G,G,G,G,G,G,T,T,T,T,T,T,T,T,G,G,2G,G,G,G,G,G,G,G,G,G,G
G,G,G,G,G,G,G,G,G,2G,2G,2G,2G,2G,G,T,T,T,T,T,T,T,T,G,G,2G,2G,2G,2G,2G,T,G,G,G,G,G,G,G,G,G,G,G,2G,2G,G,G,G,G,G,G,G,G,G,G,G,G,G,G,G,2G,2G,G,G,G,G,G,G,G,G,W,W,W,W,G,G,G,G,G,G,G,G,G,G,G,G,G,G,G,G,G,G,2G,2G,G,G,G,G,G,G,T,T,T,T,T,T,T,T,G,G,G,G,G,G,G,G,G,G,G,G,G
T,T,T,T,T,G,G,G,G,2G,2G,2G,2G,2G,2G,T,T,T,T,T,T,T,T,T,T,T,T,T,T,T,T,G,G,G,G,G,G,G,G,G,G,G,G,G,G,G,G,G,G,G,G,G,G,G,G,G,G,G,2G,2G,2G,2G,G,G,G,G,G,G,W,W,W,W,W,G,G,G,G,G,G,G,G,G,G,G,G,G,G,G,G,G,2G,2G,2G,2G,G,G,G,G,G,T,T,T,T,T,T,T,G,G,G,G,G,G,G,G,G,G,G,G,G,G
T,T,T,T,T,T,T,G,G,G,2G,2G,2G,2G,2G,2G,T,T,T,T,T,T,T,T,T,T,T,T,T,T,T,G,G,G,G,G,G,G,G,G,G,G,2G,G,G,G,G,G,G,G,G,G,G,G,G,G,G,G,2G,2G,2G,2G,G,G,G,G,G,W,W,W,W,W,W,G,G,G,G,G,G,G,G,G,G,G,G,2G,2G,2G,2G,2G,2G,2G,2G,2G,2G,G,G,G,G,T,T,T,T,T,T,G,G,G,G,G,G,G,G,G,G,G,G,2G,2G,G
T,T,T,T,T,T,T,T,G,G,2G,2G,2G,2G,2G,2G,2G,T,T,T,T,T,T,T,T,T,T,T,T,T,T,G,G,G,G,G,G,G,G,G,G,G,2G,2G,G,G,G,G,G,G,G,G,G,G,G,G,G,2G,2G,2G,2G,2G,2G,G,G,G,W,W,W,W,W,T,W,G,G,G,G,G,G,G,G,G,G,G,2G,2G,2G,2G,2G,2G,2G,2G,2G,2G,G,G,G,G,G,G,G,G,G,G,G,G,G,G,G,G,G,G,G,G,G,G,G,G,G,G
T,T,T,T,T,T,T,T,T,G,G,2G,2G,2G,2G,2G,2G,2G,T,T,T,T,T,T,T,T,T,T,T,T,G,G,G,G,G,G,G,G,G,G,G,2G,2G,2G,2G,G,G,G,G,G,G,G,G,G,G,G,G,G,2G,2G,2G,2G,2G,G,G,W,W,W,W,W,W,T,T,T,G,G,G,G,G,G,G,G,G,G,2G,2G,2G,2G,2G,2G,2G,2G,2G,2G,G,G,G,G,G,G,G,G,G,G,G,G,G,G,G,G,G,G,G,G,G,G,G,G,G,G
T,T,T,T,T,T,T,T,T,G,G,G,2G,2G,2G,2G,2G,2G,2G,T,T,T,T,T,T,T,T,T,T,G,G,G,G,G,G,G,G,G,G,G,G,2G,2G,2G,2G,2G,G,G,G,G,G,G,G,G,G,G,G,G,2G,2G,2G,2G,2G,G,W,W,W,W,W,W,W,T,T,T,G,G,G,G,G,G,G,G,G,G,2G,2G,2G,2G,2G,2G,2G,2G,2G,G,G,G,G,G,G,G,G,G,G,G,G,G,G,G,G,G,G,G,G,G,G,G,G,G,G,G
T,T,T,T,T,T,T,T,T,T,G,G,G,2G,2G,2G,2G,2G,2G,2G,T,T,T,T,T,T,T,T,G,G,G,G,G,G,G,G,G,G,G,G,G,2G,2G,2G,2G,2G,2G,G,G,G,G,G,G,G,G,G,G,T,T,G,G,G,G,G,W,W,W,W,W,W,G,T,T,T,T,G,G,G,G,G,G,G,G,G,2G,2G,2G,2G,2G,2G,2G,2G,2G,G,G,G,G,G,G,G,G,G,G,G,G,G,G,G,G,G,G,G,G,G,G,G,G,G,G,G
G,T,T,T,T,T,T,T,T,T,G,G,G,G,G,G,G,G,G,G,G,T,T,T,T,T,G,G,G,G,G,G,G,G,G,G,G,G,G,G,G,2G,2G,2G,2G,2G,G,G,G,G,G,G,G,G,G,G,G,T,T,T,W,W,W,W,W,W,W,G,G,G,G,G,G,G,G,G,G,G,G,G,G,G,G,2G,G,G,G,G,G,G,G,2G,G,G,G,G,G,G,G,G,G,G,G,G,G,G,G,G,G,G,G,G,G,G,G,T,T,T,G,G
G,G,T,T,T,T,T,T,T,T,G,G,G,G,G,G,G,G,G,G,G,T,T,T,T,G,G,G,G,G,G,G,G,G,G,G,G,G,G,G,G,2G,2G,2G,2G,2G,G,G,G,G,G,G,G,G,G,G,G,T,W,T,W,W,W,W,W,W,G,G,G,G,G,G,G,G,G,G,G,G,G,G,G,G,2G,2G,G,G,G,G,G,G,G,2G,2G,G,G,G,G,G,G,G,G,G,G,G,G,G,G,G,G,G,G,G,G,T,T,T,T,T,T,G
G,G,G,T,T,T,T,T,T,T,G,G,G,G,G,G,G,G,G,G,G,G,G,G,G,G,G,G,G,G,G,G,G,G,G,G,G,G,G,G,G,2G,2G,2G,2G,G,G,G,G,G,G,G,G,G,G,G,W,W,W,G,W,W,W,W,W,W,G,G,G,G,G,G,G,2G,G,G,G,G,G,G,G,2G,2G,G,G,G,G,G,G,G,G,2G,2G,2G,G,G,G,G,G,G,G,G,G,G,G,G,G,G,G,G,G,G,G,T,T,T,T,T,T,G
G,G,G,G,T,T,T,T,T,T,T,G,G,G,G,G,G,G,G,G,G,G,G,G,G,G,G,G,G,2G,2G,2G,2G,G,G,G,G,G,G,G,G,G,2G,2G,G,G,G,G,G,G,G,G,G,G,W,W,W,W,W,G,W,W,W,W,G,G,G,G,G,G,G,2G,2G,2G,2G,2G,G,G,G,G,G,2G,2G,G,G,G,G,G,G,G,G,2G,2G,2G,2G,G,G,G,G,G,G,G,G,G,G,G,G,G,G,2G,2G,2G,T,T,T,T,T,T,T,2G
G,G,G,G,G,T,T,T,T,T,T,T,G,G,G,G,G,G,G,G,G,G,G,G,G,G,G,G,2G,2G,2G,2G,2G,2G,G,G,G,G,G,G,G,G,G,G,G,G,G,G,G,G,G,G,W,W,W,W,W,W,W,W,W,W,G,G,G,G,G,G,G,G,2G,2G,2G,2G,2G,2G,G,G,G,G,G,G,G,G,G,G,G,G,G,G,G,2G,2G,2G,G,G,G,G,G,G,G,G,G,G,G,G,G,G,2G,2G,2G,T,T,T,T,T,T,T,T,2G
G,G,G,G,G,T,T,T,T,T,T,T,G,G,G,G,G,G,G,G,G,G,G,G,G,G,G,2G,2G,2G,2G,2G,2G,2G,T,T,G,G,G,G,G,G,G,G,G,G,G,G,G,G,W,W,W,W,W,W,W,W,W,W,G,G,G,G,G,G,G,G,G,2G,2G,2G,2G,2G,2G,2G,G,G,G,G,G,G,G,G,G,G,G,G,G,G,G,2G,2G,G,G,G,G,G,G,G,G,G,G,G,G,G,G,2G,2G,2G,2G,T,T,T,T,T,T,T,T,2G
G,G,G,2G,2G,T,T,T,T,T,T,T,G,G,G,G,G,G,G,G,G,G,G,G,G,G,2G,2G,2G,2G,2G,2G,2G,2G,T,T,T,G,G,G,G,G,G,G,G,G,G,G,W,W,W,W,W,W,W,W,W,W,G,G,G,G,G,G,G,G,G,G,G,2G,2G,2G,2G,2G,2G,2G,G,G,G,G,G,G,G,G,G,G,G,G,G,G,G,2G,G,G,T,T,T,T,T,T,G,G,R,R,R,R,R,R,R,2G,2G,T,T,T,T,T,T,T,T,T
G,G,2G,2G,2G,2G,T,T,T,T,T,T,G,G,G,G,G,G,G,2G,G,G,G,G,G,G,2G,2G,2G,2G,2G,2G,G,T,T,T,T,T,G,G,G,G,G,G,G,G,G,W,W,W,W,W,W,W,W,W,G,G,G,G,G,G,G,G,G,G,G,G,G,2G,2G,2G,2G,2G,2G,2G,G,G,G,G,G,G,G,G,G,G,G,G,G,G,G,2G,G,T,T,T,R,R,R,R,R,R,R,R,R,R,R,R,R,2G,2G,T,T,T,T,T,T,T,T,T
G,G,2G,2G,2G,G,T,T,T,T,T,G,G,G,G,G,G,G,2G,2G,G,G,G,G,G,G,2G,2G,2G,2G,2G,G,G,G,T,T,T,T,T,G,G,G,G,G,G,W,W,W,W,W,W,W,W,G,G,G,G,G,G,G,G,G,G,G,G,G,G,G,G,G,G,G,G,G,G,2G,G,G,G,G,G,G,G,G,G,G,G,G,G,G,G,R,R,R,R,R,R,R,R,R,R,R,G,G,G,G,G,G,G,G,G,G,T,T,T,T,T,T,T,T
G,G,G,2G,2G,G,G,T,T,T,G,G,G,G,G,G,G,G,2G,2G,G,G,G,G,G,G,G,2G,2G,G,G,G,G,G,G,G,T,T,T,G,G,G,G,G,G,W,W,W,W,W,W,W,G,G,G,G,G,G,G,G,G,G,G,G,G,G,2G,2G,G,G,G,G,G,G,G,2G,2G,G,G,G,G,G,G,R,R,R,R,R,R,R,R,R,R,R,R,R,R,T,T,T,T,T,G,G,G,G,G,G,G,G,G,G,G,T,T,T,T,T,T,T
G,G,G,G,G,G,G,G,G,G,G,G,G,G,G,G,G,G,G,G,G,G,G,G,G,G,G,G,G,G,G,G,G,G,G,G,G,G,G,G,G,G,G,W,W,W,W,W,W,G,G,G,G,G,G,G,G,G,G,G,G,G,G,G,2G,2G,2G,G,G,G,G,G,G,G,G,G,2G,2G,G,G,G,G,R,R,R,R,R,R,R,R,R,T,T,T,T,T,T,T,T,T,T,T,G,G,G,G,G,G,G,G,G,G,G,G,T,T,T,T,T,T
G,G,G,G,G,G,G,G,G,G,G,G,G,G,G,G,G,G,G,G,G,G,G,G,G,G,G,G,G,G,G,G,G,G,G,G,G,G,G,G,G,G,W,W,W,W,W,W,W,G,G,G,G,G,G,G,G,G,G,G,G,G,G,2G,2G,2G,2G,G,G,G,G,G,G,G,G,G,2G,2G,2G,G,R,R,R,R,G,G,G,G,G,G,G,T,T,T,T,T,T,T,T,T,T,T,G,G,G,G,G,G,G,G,G,G,G,G,T,T,T,T,T,T
G,G,G,G,G,G,G,G,G,G,G,G,G,G,G,G,2G,2G,G,G,G,G,G,G,G,G,G,T,T,G,G,G,G,G,G,G,G,G,G,G,G,W,W,W,W,W,W,W,G,G,G,G,G,G,G,G,2G,2G,2G,2G,2G,2G,2G,2G,2G,2G,2G,G,G,G,G,G,G,G,G,G,2G,2G,R,R,R,R,R,G,G,G,G,G,G,G,G,G,T,T,T,T,T,T,T,T,T,G,G,G,G,G,G,G,G,G,G,G,G,G,G,T,T,T,T,T
G,G,G,G,G,G,G,G,G,G,G,G,G,G,G,2G,2G,2G,G,G,G,G,G,G,G,G,G,T,T,G,G,G,G,G,G,G,G,G,G,G,G,W,W,W,W,W,G,G,G,G,G,G,G,G,G,2G,2G,2G,2G,2G,2G,2G,2G,2G,2G,2G,2G,G,G,G,G,G,G,G,G,G,R,R,R,R,R,G,G,G,G,G,G,G,G,G,G,G,G,G,G,G,G,G,G,G,G,G,G,G,G,G,G,G,G,G,G,G,G,G,G,T,T,T,T,T
G,G,G,G,2G,G,G,G,G,G,G,G,G,G,G,2G,2G,G,G,G,G,G,G,G,G,G,G,G,G,G,G,G,G,G,G,G,G,G,G,G,G,W,W,W,W,W,G,G,G,2G,2G,2G,2G,G,G,2G,2G,2G,2G,2G,2G,2G,2G,2G,2G,2G,G,G,G,G,G,G,G,G,R,R,R,R,R,G,G,G,G,G,G,G,G,G,G,G,G,G,G,G,G,G,G,G,G,G,G,G,G,G,G,G,G,G,G,G,G,G,G,G,G,T,T,T,T,G
G,G,G,2G,2G,2G,G,G,G,G,G,G,G,G,G,G,G,G,G,G,G,G,G,G,G,G,2G,2G,G,G,G,G,G,G,G,G,G,G,G,G,G,W,W,W,W,G,G,G,G,2G,2G,2G,2G,2G,G,T,T,T,2G,2G,2G,2G,2G,2G,2G,G,G,G,G,G,G,G,R,R,R,R,R,G,G,G,G,G,G,G,G,G,G,G,G,G,G,G,G,G,G,G,G,G,G,G,G,G,G,G,G,G,G,G,G,G,G,G,G,G,G,T,T,T,G,G
G,G,2G,2G,2G,2G,G,G,G,G,G,G,G,G,G,G,G,G,G,G,G,G,G,G,G,2G,2G,2G,2G,G,G,G,G,G,G,G,G,G,G,G,G,W,W,W,W,W,G,G,G,G,2G,2G,2G,G,T,T,T,T,T,G,G,G,G,G,G,G,G,G,G,G,R,R,R,R,2G,2G,2G,G,G,G,G,G,G,G,G,G,G,G,G,G,G,G,G,G,G,G,G,G,G,G,G,G,G,G,G,G,G,G,G,G,G,G,G,G,G,T,G,G,G,G
G,2G,2G,2G,2G,2G,G,G,G,G,T,T,G,G,G,G,G,G,G,G,G,G,G,G,G,2G,2G,2G,2G,2G,G,G,G,G,G,G,G,G,G,G,T,W,W,W,W,W,W,G,G,G,2G,2G,T,T,T,T,T,T,T,T,G,G,G,G,G,G,G,G,G,R,R,R,R,2G,2G,2G,2G,2G,G,G,G,G,G,G,G,G,G,G,G,G,2G,2G,G,G,G,G,G,G,G,G,G,G,G,G,G,G,G,G,G,G,G,G,G,G,G,G,G,G,G,G
G,2G,2G,2G,2G,2G,G,G,G,G,T,T,T,G,G,G,G,G,G,G,G,G,G,G,G,2G,2G,2G,2G,2G,2G,G,G,G,G,G,G,G,G,G,T,W,W,W,W,W,W,T,T,T,T,T,T,T,T,T,T,T,T,T,T,G,G,G,G,G,G,R,R,R,R,T,T,T,T,T,T,2G,2G,G,G,G,G,G,G,G,G,G,G,2G,2G,2G,2G,G,G,G,G,G,G,G,G,G,G,G,G,G,G,G,G,G,G,G,G,G,G,G,G,G,G,G
2G,2G,2G,2G,2G,2G,G,G,G,G,T,T,T,T,G,G,G,G,G,G,G,G,G,G,G,2G,2G,2G,2G,2G,2G,2G,G,G,G,G,G,G,G,T,T,T,W,W,W,W,W,T,T,T,T,T,T,T,T,T,T,T,T,T,T,T,G,G,G,R,R,R,R,R,T,T,T,T,T,T,T,T,2G,2G,G,G,G,G,G,G,G,G,G,2G,2G,2G,2G,2G,2G,2G,2G,G,G,G,G,G,G,G,G,G,G,G,G,2G,2G,2G,2G,2G,2G,2G,2G,2G,2G,2G
G,G,2G,2G,G,G,G,G,G,G,G,T,T,T,G,G,G,G,G,G,G,G,G,G,2G,2G,2G,2G,2G,2G,2G,2G,2G,2G,2G,2G,2G,2G,T,T,T,T,T,W,T,W,W,W,W,W,T,T,T,T,T,T,T,T,T,T,T,T,T,R,R,R,R,R,T,T,T,T,T,T,T,T,T,T,T,2G,2G,G,G,G,G,G,G,G,2G,2G,2G,2G,2G,2G,2G,2G,2G,2G,G,G,G,G,G,G,G,G,G,G,2G,2G,2G,2G,2G,2G,2G,2G,2G,2G,2G,2G
G,G,G,G,G,G,G,G,G,G,G,G,G,T,T,G,G,G,G,G,G,G,G,2G,2G,2G,2G,2G,2G,2G,2G,2G,2G,2G,2G,2G,2G,T,T,T,T,T,T,T,W,W,W,W,W,W,W,W,T,T,T,T,T,T,T,T,T,R,R,R,R,R,T,T,T,T,T,T,T,T,T,T,T,T,T,T,2G,2G,G,G,G,G,G,2G,2G,2G,2G,2G,2G,2G,2G,2G,2G,2G,G,G,G,G,G,G,G,G,G,2G,2G,2G,2G,2G,2G,2G,2G,2G,2G,2G,2G,2G
G,G,G,G,G,G,G,G,G,G,G,G,G,G,G,G,G,G,G,G,G,G,G,2G,2G,2G,2G,2G,2G,2G,2G,2G,2G,2G,2G,2G,2G,T,T,T,T,T,T,T,T,W,W,W,W,W,W,W,T,T,T,T,G,G,G,R,R,R,R,T,T,T,T,T,T,T,T,T,T,T,T,T,T,T,T,T,2G,2G,2G,G,G,G,G,2G,2G,2G,2G,2G,2G,2G,2G,2G,2G,2G,G,G,G,G,G,G,G,G,2G,2G,2G,2G,2G,2G,2G,2G,2G,2G,2G,2G,2G,2G
G,G,G,G,G,G,G,G,G,G,2G,2G,2G,G,G,G,T,T,T,G,G,G,G,G,G,2G,2G,2G,2G,2G,2G,2G,2G,2G,2G,2G,T,T,T,T,T,T,T,T,T,T,T,T,W,W,W,W,W,W,W,W,G,G,R,R,R,R,G,G,T,T,T,T,T,T,T,T,T,T,T,T,T,T,T,T,2G,2G,G,G,G,G,G,G,2G,2G,2G,2G,2G,2G,2G,2G,G,G,G,G,G,G,G,G,G,G,2G,2G,2G,2G,2G,2G,G,G,G,G,G,G,2G,2G
G,G,G,G,G,G,G,G,G,2G,2G,2G,2G,2G,G,G,T,T,T,T,T,G,G,G,G,G,G,G,G,G,G,G,G,G,G,G,G,G,G,G,T,T,T,T,T,T,T,T,W,W,W,W,W,W,W,S,S,W,R,R,G,G,G,G,T,T,T,T,T,T,T,T,T,T,T,T,T,T,T,G,G,G,G,G,G,G,G,G,G,G,2G,2G,2G,2G,2G,G,G,G,G,G,G,G,G,G,G,G,2G,2G,2G,2G,2G,G,G,G,G,G,G,G,G,G
G,G,G,G,G,G,G,G,G,2G,2G,2G,2G,2G,G,G,T,T,T,T,T,G,G,G,G,G,G,G,G,G,G,G,G,G,G,G,G,G,G,G,G,G,G,G,G,G,G,G,G,G,W,W,W,W,W,S,S,S,W,W,G,G,G,G,T,T,T,T,T,T,T,G,G,G,G,G,G,G,G,G,G,G,G,G,G,G,G,G,G,G,G,2G,2G,G,G,G,G,G,G,G,G,G,G,G,G,G,G,2G,2G,G,G,G,G,G,G,G,G,G,G,G
G,G,G,G,G,G,G,G,G,2G,2G,2G,2G,2G,G,G,G,T,T,T,T,G,G,G,G,G,G,G,G,G,G,G,G,G,G,G,G,G,G,G,G,G,G,G,G,G,G,G,G,G,G,G,S,S,S,S,W,W,W,W,W,W,G,G,G,T,T,T,T,G,G,G,G,G,G,G,G,G,G,G,G,G,G,G,G,G,G,G,G,G,G,G,G,G,G,G,G,G,G,G,G,G,G,G,G,G,G,G,G,G,G,G,G,G,G,G,G,G,G,G
G,G,G,G,G,G,G,G,G,2G,2G,2G,2G,2G,G,G,G,T,T,T,G,G,G,G,G,G,G,G,G,G,G,G,G,G,G,G,G,G,G,G,G,G,G,G,G,G,G,G,G,G,G,R,R,R,S,W,W,W,W,W,W,W,W,W,G,T,T,T,G,G,2G,2G,2G,G,G,G,G,G,G,G,G,G,G,G,G,G,G,G,G,G,G,G,G,G,G,G,G,G,G,G,G,G,G,G,G,G,G,G,G,G,G,G,G,T,T,T,G,G,G,G
G,G,G,G,G,G,G,G,G,2G,2G,2G,2G,2G,2G,G,G,T,G,G,G,G,G,G,G,G,G,G,G,G,G,G,G,G,G,G,G,G,G,G,G,G,G,G,G,G,G,G,G,R,R,R,R,2G,G,G,W,W,W,W,W,W,W,W,W,W,T,G,G,2G,2G,2G,2G,2G,G,G,G,G,G,G,G,G,G,G,G,G,G,G,G,G,G,G,G,G,G,G,G,G,G,G,G,G,G,G,G,G,G,G,G,G,G,G,T,T,T,T,T,G,G,G
G,G,G,G,G,G,G,G,G,2G,2G,2G,2G,2G,2G,2G,G,G,G,G,G,G,G,G,G,G,G,G,G,G,G,G,G,G,G,G,G,G,G,G,G,G,G,G,G,G,R,R,R,R,R,G,G,2G,2G,G,G,G,W,W,W,W,W,W,W,W,W,W,G,G,2G,2G,2G,2G,G,G,G,G,G,G,G,G,G,G,G,G,G,G,G,G,G,G,G,G,G,G,G,G,G,G,G,G,G,G,G,G,G,G,G,G,G,T,T,T,T,T,T,T,T,G
T,T,T,T,G,G,G,G,G,2G,2G,2G,2G,2G,2G,2G,G,G,G,G,G,G,G,G,G,G,G,G,G,G,G,G,G,G,G,G,G,G,G,G,G,G,G,G,R,R,R,R,R,G,G,G,G,G,2G,G,G,G,G,G,G,G,W,W,W,W,W,W,W,G,2G,2G,2G,2G,G,G,G,G,G,G,G,G,G,G,G,G,G,G,G,G,G,G,G,G,G,G,G,G,G,G,G,G,G,G,G,G,G,G,G,G,T,T,T,T,T,T,T,T,T,T
T,T,T,T,T,T,G,G,G,2G,2G,2G,2G,2G,2G,G,G,G,G,G,G,G,G,G,G,G,G,G,G,G,G,G,G,G,G,G,G,G,G,G,G,G,R,R,R,R,G,G,G,G,G,G,G,G,G,G,G,G,G,G,G,G,W,W,W,W,W,W,W,G,G,G,2G,G,G,G,G,G,G,G,G,G,G,G,G,G,G,G,G,G,G,G,G,G,G,G,G,G,G,G,G,G,G,G,G,G,G,G,G,T,T,T,T,T,T,T,T,T,T,T
T,T,T,T,T,T,T,T,G,2G,2G,2G,2G,2G,2G,G,G,G,G,G,G,G,G,G,G,G,G,G,G,G,G,G,G,G,G,G,G,G,G,G,G,R,R,R,R,G,G,G,G,G,G,G,G,G,G,G,G,G,G,G,G,G,T,T,T,W,W,W,W,W,W,G,G,G,G,G,G,G,G,G,G,G,G,G,G,G,G,G,G,G,G,G,G,G,G,G,G,G,G,G,G,G,G,G,G,G,G,G,G,T,T,T,T,T,T,T,T,T,T,T
T,T,T,T,T,T,T,T,T,T,T,T,T,T,T,G,G,G,G,G,G,G,G,G,G,G,G,G,G,G,G,G,G,G,2G,2G,G,G,G,R,R,R,R,2G,2G,G,G,G,G,G,G,G,G,G,G,G,G,G,G,G,G,T,T,T,T,W,W,W,W,W,W,W,G,G,G,G,G,G,G,G,G,G,G,2G,2G,G,G,G,G,G,G,G,G,G,G,G,G,G,2G,2G,G,G,G,G,G,G,G,G,G,T,T,T,T,T,T,T,T,T,T,T
T,T,T,T,T,T,T,T,T,T,T,T,T,T,G,G,G,G,G,G,G,2G,G,G,G,G,G,G,G,T,T,T,2G,2G,2G,2G,G,R,R,G,R,G,G,G,G,G,G,G,G,G,G,G,G,G,G,G,G,G,G,G,G,T,T,T,T,T,W,W,W,W,W,W,W,G,G,G,G,G,G,G,G,G,2G,2G,2G,G,G,G,G,G,G,G,G,G,G,G,2G,2G,2G,2G,G,G,G,G,G,G,G,G,G,G,T,T,T,T,T,T,T,T,T,T
T,T,T,T,T,T,T,T,T,T,T,T,T,T,G,G,G,G,G,G,G,2G,2G,G,G,G,G,T,T,T,T,T,T,2G,2G,R,R,R,G,G,G,G,G,G,G,G,G,G,G,G,G,G,G,G,G,G,G,G,G,G,G,T,T,T,T,T,T,W,W,W,W,W,W,G,G,G,G,2G,2G,2G,2G,2G,2G,2G,2G,G,G,G,G,G,G,G,G,G,G,2G,2G,2G,2G,2G,G,G,G,G,G,G,G,G,G,G,G,T,T,T,T,T,T,T,T,T
T,T,T,T,T,T,T,T,T,T,T,T,T,G,G,G,G,G,G,G,2G,2G,2G,2G,G,G,G,T,T,T,T,T,T,R,R,R,R,R,G,G,G,G,G,G,G,G,G,G,G,G,G,G,G,G,G,G,G,G,G,G,G,G,G,G,G,G,G,G,G,W,W,W,W,G,G,G,2G,2G,2G,2G,2G,2G,2G,2G,G,G,G,G,G,G,G,G,G,G,2G,2G,2G,2G,2G,2G,G,G,G,G,G,G,G,G,G,G,G,T,T,T,T,T,T,T,T,T
G,G,G,G,T,T,T,T,T,T,T,T,G,G,G,G,G,G,G,2G,2G,2G,2G,2G,G,G,G,T,T,T,T,R,R,R,R,R,G,G,G,G,G,G,G,2G,G,G,G,G,G,G,G,G,G,G,G,G,G,G,G,G,G,G,G,G,G,G,G,G,G,W,W,W,W,G,G,2G,2G,2G,2G,2G,2G,2G,2G,2G,G,G,G,G,G,G,G,G,G,2G,2G,2G,2G,2G,2G,2G,G,G,G,G,G,G,G,G,G,G,G,G,T,T,T,T,T,T,T,2G
G,2G,2G,2G,2G,G,T,T,T,T,T,G,G,G,G,G,G,G,G,2G,2G,2G,2G,G,G,G,G,T,T,R,R,R,R,T,T,G,G,G,G,G,G,2G,2G,2G,G,G,G,G,G,G,G,G,G,G,G,G,G,G,G,G,G,G,G,G,G,G,G,G,W,W,W,W,W,G,G,2G,2G,2G,2G,2G,2G,2G,2G,G,G,G,G,G,G,G,G,G,G,2G,2G,2G,2G,2G,2G,2G,G,G,G,G,G,G,G,G,G,G,G,G,G,T,T,T,T,2G,2G,2G
G,2G,2G,2G,2G,2G,G,T,T,T,G,G,G,G,G,G,G,G,2G,2G,2G,2G,G,G,G,G,G,R,R,R,R,R,T,T,T,G,G,G,G,G,2G,2G,2G,2G,2G,G,G,G,G,G,G,G,G,G,G,G,G,G,G,G,G,G,G,G,G,G,G,G,W,W,W,W,W,G,G,G,2G,2G,2G,2G,2G,2G,G,G,G,G,G,G,G,G,G,G,G,G,2G,2G,2G,2G,2G,2G,G,G,G,G,G,G,G,G,G,G,G,G,G,T,T,T,2G,2G,2G,2G
G,G,2G,2G,2G,G,G,G,G,G,G,G,G,G,G,G,G,2G,2G,2G,2G,2G,G,G,G,R,G,R,R,R,T,T,T,T,T,G,G,G,G,G,G,2G,2G,2G,2G,G,G,G,G,G,G,G,G,G,G,G,G,G,G,G,G,G,G,G,G,G,2G,G,W,W,W,W,W,G,G,G,G,G,G,G,G,G,G,G,G,G,G,G,G,G,G,G,G,G,G,G,G,G,G,G,G,G,G,G,G,G,G,G,G,G,G,G,G,T,G,2G,G,G,G,G
