G,G,G,G,G,G,G,G,G,G,G,G,G,G,T,T,T,T,T,T,T,T,T,G,G,T,T,T,T,T,T,G,G,W,G,G,T,T,T,T,T,T,T,T,T,T,T,T,T,T,G,G,W,W,W,G,T,T,T,T,T,G,G,G,G,G,G,G,G,G,G,T,T,T,T,T,G,G,T,T,T,T,T,T,T,T,T,T,T,T,T,T,T,T,T,T,T,T,T,G,G,G,G,G,G,G,G,G,G,G,T,T,T,T,T,T,T,T,T,T,T,T,G,G,G,G,G,G,G,G,G,G,G,G,G,G,G,G,G,G,G,G,G,G
G,G,G,G,G,G,G,G,G,G,G,G,G,G,T,T,T,T,T,T,T,T,T,G,G,G,G,T,G,G,G,G,G,G,G,T,T,T,T,T,T,T,T,T,T,T,T,T,T,G,G,W,W,G,G,G,T,T,T,T,T,T,G,G,G,G,G,G,G,G,G,G,T,T,T,G,G,G,T,T,T,T,T,T,T,T,T,T,T,T,T,T,T,T,T,T,T,T,T,G,G,G,G,G,G,G,G,G,G,G,G,G,T,T,T,T,T,T,T,T,T,T,G,G,G,G,G,G,G,G,G,G,G,G,G,G,G,G,G,G,G,G,G,G
T,T,T,T,G,G,G,G,G,G,G,G,G,G,T,T,T,T,T,T,T,T,T,G,G,G,G,T,G,G,G,G,G,G,T,T,T,T,T,T,T,T,T,T,T,T,T,T,G,G,W,W,G,G,G,G,T,T,T,T,T,G,G,G,G,G,G,T,G,G,G,G,G,G,G,G,G,G,T,T,T,T,T,T,T,T,T,T,T,T,T,T,T,T,T,T,T,T,T,T,T,G,G,G,G,G,G,G,G,G,G,G,T,T,T,T,T,T,T,T,T,T,G,G,G,G,G,G,G,G,G,G,G,G,G,G,G,G,G,G,G,G,G,G
T,T,T,T,T,T,T,G,G,G,G,T,T,T,T,T,T,T,T,T,T,T,G,G,G,G,G,G,G,G,G,G,G,G,G,T,T,T,T,T,T,T,T,T,T,T,T,G,G,W,W,G,G,G,G,G,G,T,T,T,G,G,G,G,G,G,G,G,G,G,G,G,G,G,G,G,G,G,T,T,T,T,T,T,T,T,T,T,T,T,T,T,T,T,T,T,T,T,T,T,T,T,G,G,G,G,G,G,G,G,G,G,T,T,T,T,T,T,T,T,T,T,T,T,T,T,T,T,T,T,T,G,G,G,G,G,G,G,G,G,G,G,G,G
T,T,T,T,T,T,T,T,T,T,T,T,T,T,T,T,T,T,T,T,T,T,G,G,G,G,G,G,G,G,G,G,G,G,G,G,T,T,T,T,T,T,T,T,T,T,T,G,W,W,G,G,G,G,G,G,G,G,G,G,G,G,G,G,G,G,G,G,G,G,G,G,G,G,G,G,G,G,T,T,T,T,T,T,T,T,T,T,T,T,T,T,T,T,T,T,T,T,T,T,T,T,G,G,G,G,G,G,G,G,T,T,T,T,T,T,T,T,T,T,T,T,T,T,T,T,T,T,T,T,T,T,T,T,G,G,G,G,G,G,G,G,G,G
T,T,T,T,T,T,T,T,T,T,T,T,T,T,T,T,T,T,T,T,T,T,G,G,G,G,G,G,G,G,G,G,G,G,G,T,T,G,G,T,T,T,T,T,T,T,T,G,W,W,G,G,G,T,G,G,G,G,G,G,G,G,G,G,G,G,G,G,G,G,G,G,G,G,G,G,G,G,T,T,T,T,T,T,T,T,T,T,T,T,T,T,T,T,T,T,T,T,T,T,T,T,G,G,G,G,G,G,G,G,T,T,T,T,T,T,T,T,T,T,T,T,T,T,T,T,T,T,T,T,T,T,T,T,T,T,T,G,G,G,G,G,G,G
T,T,T,T,T,T,T,T,T,T,T,T,T,T,T,T,T,T,T,T,T,T,G,T,G,G,G,G,G,G,G,G,G,G,G,G,T,G,G,T,T,T,T,T,T,T,G,G,W,W,G,G,G,G,G,G,G,G,G,G,G,G,G,G,G,G,G,G,G,G,G,G,G,G,G,G,G,G,G,T,T,T,T,T,T,T,T,T,T,T,T,T,T,T,T,T,T,T,T,T,T,T,T,T,G,G,G,G,G,G,T,T,T,T,T,T,T,T,T,T,T,T,T,T,T,T,T,T,T,T,T,T,T,T,T,T,T,T,T,G,G,G,G,G
T,T,T,T,T,T,T,T,T,T,T,T,T,T,T,T,T,T,T,T,T,T,G,G,G,G,G,G,T,G,G,G,G,G,G,G,G,G,G,G,G,G,T,T,T,G,G,W,W,G,G,G,G,G,G,G,G,G,T,G,G,G,G,G,G,G,G,G,G,G,G,G,G,G,G,G,G,G,G,T,T,T,T,T,T,T,T,T,T,T,T,T,T,T,T,T,T,T,T,T,T,T,T,T,G,G,G,G,G,G,T,T,T,T,T,T,T,T,T,T,T,T,T,T,T,T,T,T,T,T,T,T,T,T,T,T,T,T,T,T,T,T,G,G
T,T,T,T,T,T,T,T,T,T,T,T,T,T,T,T,T,T,T,T,T,T,G,G,G,G,G,G,G,G,G,G,G,G,G,G,G,G,W,W,W,G,G,G,G,G,W,W,W,G,G,G,G,G,G,G,G,G,G,R,R,R,G,G,G,G,G,G,G,G,G,G,R,R,R,G,G,G,G,G,T,T,T,T,T,T,T,T,T,T,T,T,T,T,T,T,T,T,T,T,T,T,T,G,G,G,G,G,T,T,T,T,T,T,T,T,T,T,T,T,T,T,T,T,T,T,T,T,T,T,T,T,T,T,T,T,T,T,T,T,T,T,G,G
T,T,T,T,T,T,T,T,T,T,T,T,T,T,T,T,T,T,G,G,G,G,G,G,G,G,G,G,G,G,G,G,G,G,G,G,G,G,W,W,W,W,W,W,W,W,W,W,W,G,G,G,G,T,G,G,G,G,G,R,R,R,G,T,G,G,G,G,G,G,G,G,R,R,R,G,G,G,G,G,G,T,T,T,T,T,T,T,T,T,T,T,T,T,T,T,T,T,T,T,T,T,T,G,G,G,G,T,T,T,T,T,T,T,T,T,T,T,T,T,T,T,T,T,T,T,T,T,T,T,T,T,T,T,T,T,T,T,T,T,T,T,G,G
T,T,T,T,T,T,T,T,T,T,T,T,T,T,T,T,G,G,G,G,G,G,G,G,G,G,G,G,G,G,G,G,G,G,G,W,W,W,W,W,W,W,W,W,W,W,W,W,G,G,G,G,G,G,G,G,G,G,G,R,R,R,G,G,G,G,G,G,G,G,G,G,R,R,R,G,G,G,G,G,G,T,T,T,T,T,T,T,T,T,T,T,T,T,T,T,G,G,T,T,T,G,G,G,G,T,T,T,T,T,T,T,T,T,T,T,T,T,T,T,T,T,T,T,T,T,T,T,T,T,T,T,T,T,T,T,T,T,T,T,T,T,G,G
T,T,T,T,G,T,T,T,T,T,T,T,T,T,T,T,G,G,G,G,G,G,G,G,G,G,G,G,G,G,G,G,G,G,W,W,W,W,W,W,W,W,W,W,W,W,G,G,G,G,G,G,G,G,G,G,G,G,G,R,R,R,G,G,G,G,G,G,G,G,G,G,R,R,R,G,G,G,G,G,G,G,G,T,T,T,T,T,T,T,T,T,T,T,T,T,G,G,T,T,G,G,G,G,G,T,T,T,T,T,T,T,T,T,T,T,T,T,T,T,T,T,T,G,G,G,T,G,G,T,T,T,T,G,T,T,T,T,T,T,T,T,G,G
T,T,T,T,G,T,T,G,T,T,T,T,T,T,T,G,G,G,G,G,G,G,G,G,G,G,G,G,G,G,G,G,G,G,W,W,W,W,W,W,W,W,W,W,G,G,G,G,G,G,G,G,G,G,G,G,G,G,G,R,R,R,G,G,G,G,G,G,G,G,G,G,R,R,R,G,G,G,G,G,G,G,G,T,T,T,T,T,T,T,T,T,T,T,T,T,G,G,T,T,G,G,G,T,T,T,T,T,T,T,T,T,T,T,T,T,G,G,G,G,G,T,T,G,G,G,G,G,G,G,G,G,G,G,G,T,T,T,T,T,T,T,G,G
T,T,G,G,G,G,G,G,T,T,G,T,T,T,G,G,G,G,G,G,G,G,G,G,G,G,G,G,G,G,G,G,G,G,W,W,W,W,W,W,G,G,G,W,G,G,G,G,G,G,G,G,G,G,G,G,G,G,G,R,R,R,G,G,G,G,G,G,G,G,G,G,R,R,R,G,G,G,G,G,G,G,G,T,T,T,T,T,T,T,T,T,T,T,T,G,G,G,G,G,G,G,G,G,T,T,T,T,T,T,T,T,T,T,T,G,G,G,G,G,G,T,G,G,G,G,G,G,G,G,G,G,G,G,G,T,T,T,T,T,T,T,G,G
G,G,G,G,G,G,G,G,G,G,G,G,T,G,G,G,G,G,G,G,G,G,G,G,G,G,G,G,G,G,G,G,G,W,W,W,W,W,W,W,G,G,G,G,G,G,G,G,G,G,G,G,G,G,G,G,G,G,G,R,R,R,G,G,G,T,G,G,G,G,G,G,R,R,R,G,G,G,G,G,G,G,G,T,T,T,T,T,T,T,T,T,T,T,T,G,G,G,G,G,T,G,G,T,T,T,T,T,T,T,T,T,T,T,T,G,G,T,G,G,G,G,G,G,G,G,G,G,G,G,G,G,G,G,G,T,T,T,T,T,T,T,T,T
T,G,G,G,G,G,G,G,G,G,G,G,G,G,G,G,G,G,G,G,G,G,G,G,G,G,G,G,G,G,G,G,W,W,W,W,W,W,W,G,G,G,G,G,G,G,G,G,G,G,G,G,G,G,G,G,G,G,G,R,R,R,G,G,G,G,G,G,G,G,G,G,R,R,R,G,G,G,G,G,G,T,T,T,T,T,T,T,T,T,T,T,T,T,G,G,G,G,G,T,T,T,T,T,T,T,T,T,T,T,T,T,T,T,T,T,G,G,G,G,G,G,G,G,G,G,G,G,G,G,G,G,G,G,G,G,G,G,T,T,T,T,T,T
G,G,G,G,G,G,G,G,G,G,G,G,G,G,G,G,G,G,G,T,G,G,T,G,G,G,G,G,G,G,G,G,W,W,W,W,W,W,G,G,G,G,G,G,G,G,G,G,T,G,G,G,G,G,G,G,G,G,G,R,R,R,G,G,G,G,G,G,G,G,G,G,R,R,R,G,G,G,G,T,T,T,T,T,T,T,T,T,T,T,T,T,T,T,G,G,G,G,G,T,T,T,T,T,T,T,T,T,T,T,T,T,T,T,T,T,G,G,G,G,G,G,G,G,G,G,G,G,G,G,G,G,G,G,G,G,G,G,T,T,T,T,T,T
G,G,G,G,G,G,G,G,G,G,G,G,G,G,G,G,G,G,T,T,T,T,T,G,G,G,T,T,T,G,G,W,W,W,W,W,W,G,G,G,G,G,G,G,G,T,G,G,G,G,G,G,G,G,G,G,G,G,G,R,R,R,G,G,G,G,G,G,G,G,G,G,R,R,R,G,G,G,G,T,T,T,T,T,T,T,T,T,T,T,T,T,T,T,G,G,G,G,G,T,T,T,T,T,T,T,T,T,T,T,T,T,T,T,T,T,T,T,T,T,G,G,G,G,G,G,G,G,G,G,G,G,G,G,G,G,G,G,G,T,T,T,T,T
G,G,G,R,G,G,G,G,G,G,G,G,G,G,G,G,G,T,T,T,T,T,T,T,T,T,T,T,T,G,W,W,W,W,W,W,G,G,G,G,G,G,G,G,G,G,G,G,G,G,G,G,G,G,G,G,G,G,G,R,R,R,G,G,G,G,G,G,G,G,G,G,R,R,R,G,G,G,G,T,T,T,T,T,T,T,T,T,T,T,T,T,T,G,G,G,G,G,G,T,T,T,T,T,T,T,T,T,T,T,T,T,T,T,T,T,T,T,G,G,G,G,G,G,G,G,G,G,G,G,G,G,G,G,G,G,G,G,G,T,T,T,T,T
G,G,G,R,G,G,G,G,G,G,G,G,G,G,G,T,T,T,T,T,T,T,T,T,T,T,T,T,G,G,W,W,W,W,W,G,G,G,G,G,G,G,G,G,G,G,G,G,T,G,G,G,G,G,G,G,G,G,G,R,R,R,G,G,G,G,G,G,G,G,G,G,R,R,R,T,G,G,G,T,T,T,T,T,T,T,T,T,T,T,T,T,G,G,G,G,G,G,G,T,T,T,T,T,T,T,T,T,T,T,T,T,T,T,T,T,G,G,G,G,G,G,G,G,G,G,G,G,G,G,G,G,G,G,G,G,G,G,T,T,T,T,T,T
G,G,G,R,G,G,G,G,G,G,G,G,G,G,T,T,T,T,T,T,T,T,T,T,T,T,T,T,G,W,W,W,W,W,G,G,G,G,G,G,G,G,G,G,G,T,G,G,G,G,G,G,G,G,G,G,G,G,G,R,R,R,G,G,G,G,G,G,G,R,R,R,R,R,T,T,T,G,G,T,T,T,T,T,T,T,T,T,T,T,G,G,G,G,G,G,G,G,G,T,T,T,T,T,T,T,T,T,T,T,T,T,T,T,T,T,T,T,G,G,G,G,G,G,G,G,G,G,G,G,G,G,G,G,G,G,G,G,T,T,T,T,T,T
G,G,G,R,R,R,R,G,G,G,G,G,G,G,T,T,T,T,T,T,T,T,T,T,T,T,T,G,G,W,W,W,W,G,G,G,G,G,G,G,G,G,G,G,G,G,G,G,G,G,R,R,R,R,R,R,R,R,R,R,R,R,R,R,R,R,R,R,R,R,R,R,R,R,T,T,T,T,T,T,T,T,T,T,T,T,T,T,G,G,G,G,G,G,G,G,G,G,G,G,T,T,T,T,T,T,T,T,T,T,T,T,T,T,T,T,T,G,G,G,G,G,G,G,G,G,G,G,G,G,G,G,G,G,G,G,G,G,G,G,G,G,G,G
G,G,G,G,G,G,R,G,G,G,G,G,G,G,T,T,T,T,T,T,T,T,T,T,T,T,T,G,W,W,W,W,G,G,T,T,G,G,G,G,G,G,G,G,G,G,G,G,G,G,R,R,R,R,R,R,R,R,R,R,R,R,R,R,R,R,R,R,R,R,R,R,R,R,T,T,T,T,T,T,T,T,T,T,T,T,G,G,G,G,G,G,G,G,G,G,G,G,G,G,G,G,G,T,T,T,T,T,T,T,T,T,T,T,T,T,G,G,G,G,G,G,G,G,G,G,G,G,G,G,G,G,G,G,G,G,G,G,G,G,G,G,G,G
T,T,G,G,G,G,R,G,G,G,G,G,G,G,T,T,T,T,T,T,T,T,T,T,T,G,G,G,W,W,W,G,G,T,T,T,G,G,G,G,G,G,G,G,G,G,G,R,R,G,R,R,R,R,R,R,R,R,R,R,R,R,R,R,R,R,R,R,R,T,T,T,T,T,T,T,T,T,T,T,T,T,T,T,T,T,G,G,G,G,G,G,G,G,G,G,G,G,G,G,G,G,G,G,T,T,T,T,T,T,T,T,T,T,T,T,T,T,G,G,G,G,G,G,G,G,G,G,G,G,G,G,G,G,G,G,G,G,G,G,G,G,G,G
T,T,T,G,G,G,R,G,G,G,G,T,T,G,T,T,T,T,T,T,T,T,T,G,G,G,W,W,W,W,G,G,T,T,T,T,G,G,G,G,G,G,G,G,G,G,G,G,R,G,R,R,R,G,G,G,G,G,G,G,G,G,G,G,G,G,G,G,G,G,G,T,T,T,T,T,T,T,T,T,T,T,T,T,T,T,G,G,G,G,G,G,G,G,G,G,G,G,G,G,G,G,G,G,G,T,T,T,T,T,T,T,T,T,G,G,T,G,G,G,G,G,G,G,G,T,G,G,G,T,T,T,G,G,G,G,G,G,G,G,G,G,T,T
T,T,T,G,G,G,R,G,G,G,T,T,T,T,T,T,T,T,T,T,T,T,T,G,W,W,W,W,W,G,G,T,T,T,T,T,T,G,G,G,G,G,G,G,G,G,G,R,R,G,G,G,G,G,G,G,G,G,G,G,G,G,G,G,G,G,G,G,G,G,G,T,T,T,T,T,T,T,T,T,T,T,T,T,T,T,G,G,G,G,G,G,G,G,G,G,G,G,G,G,G,G,G,G,G,T,T,T,T,T,T,T,T,T,G,G,G,G,G,G,G,G,G,G,G,G,G,G,G,T,T,G,G,G,G,G,G,G,G,G,G,G,T,T
T,T,T,G,G,G,R,G,G,T,T,T,T,T,T,T,T,T,T,T,T,G,G,G,W,W,W,W,W,G,T,T,T,T,T,T,G,G,G,G,G,G,G,G,G,G,R,R,R,G,G,G,G,G,G,G,G,G,G,G,G,G,G,G,G,G,G,G,G,G,T,T,T,T,T,T,T,T,T,T,T,T,T,T,T,T,G,G,G,G,G,G,G,G,G,G,G,G,G,G,G,G,G,G,G,G,T,T,T,T,T,T,T,T,G,G,T,G,G,G,G,G,G,G,G,G,G,G,G,T,T,T,G,G,G,G,G,G,G,G,G,G,T,T
T,T,T,T,G,G,G,T,T,T,T,T,T,T,T,T,T,T,T,T,G,G,W,W,W,W,W,W,G,G,T,T,T,T,T,T,G,G,G,G,G,G,G,G,G,G,R,R,R,G,G,G,G,G,G,G,G,G,G,G,G,G,G,G,G,G,G,G,G,G,T,T,T,T,T,T,T,T,T,T,T,T,T,T,T,T,G,G,G,G,G,G,G,G,R,G,G,G,G,G,G,G,G,G,G,G,T,T,T,T,T,T,T,G,G,G,G,G,G,G,G,G,G,G,G,G,G,G,G,G,T,T,G,G,G,G,G,G,G,T,T,T,T,T
T,T,T,T,G,G,G,T,T,T,T,T,T,T,T,T,T,G,G,G,G,G,W,W,W,W,W,W,G,T,T,T,T,T,T,T,G,G,G,G,G,G,G,G,G,G,R,R,R,G,G,G,G,G,G,G,G,G,G,G,G,G,G,G,G,G,G,G,G,G,T,T,T,T,T,T,T,T,T,T,T,T,T,T,T,T,G,G,G,G,G,G,G,G,R,G,R,R,G,G,G,G,G,G,G,G,T,T,T,T,T,T,T,G,G,G,G,G,G,G,G,G,G,G,G,G,G,G,G,G,G,G,G,G,G,G,G,G,T,T,T,T,T,T
T,T,T,T,G,G,G,T,T,T,T,T,T,T,T,T,T,G,W,W,W,W,W,W,W,W,G,G,G,T,T,T,T,T,T,T,T,G,G,G,G,G,G,G,G,G,R,R,R,G,G,G,G,G,G,G,G,G,G,G,G,G,G,G,G,G,G,G,G,G,G,T,T,T,T,T,T,T,T,T,T,T,T,T,T,T,G,G,G,G,G,G,G,G,G,R,R,R,G,G,G,G,G,G,G,G,G,T,T,T,T,T,T,T,G,G,G,G,G,G,G,G,G,G,G,G,G,T,G,G,G,G,G,G,G,G,G,G,T,T,T,T,T,T
T,T,T,T,G,G,G,T,T,T,T,T,T,T,T,T,T,G,W,W,W,W,W,W,W,G,G,T,T,T,T,T,T,T,T,T,G,G,G,G,G,G,G,G,G,G,R,R,R,G,G,G,G,T,G,G,G,G,G,G,G,G,G,G,G,G,G,G,G,G,G,G,T,T,T,T,T,T,T,T,T,T,T,T,T,T,G,G,G,G,G,G,G,G,G,G,R,R,G,G,G,G,G,G,G,G,G,G,T,T,T,T,G,G,G,G,G,G,G,G,G,G,G,G,T,T,T,T,T,T,G,G,G,G,G,T,T,T,T,T,T,T,T,T
T,T,T,T,T,T,T,T,T,T,T,T,T,T,T,T,T,G,W,G,G,G,W,G,G,G,T,T,T,T,T,T,T,T,T,G,G,G,G,G,G,G,G,G,G,G,R,R,R,G,G,G,G,G,G,G,G,G,G,G,G,G,G,G,G,G,G,G,G,G,G,T,T,T,T,T,T,T,T,T,T,T,T,T,T,T,G,G,G,G,G,G,G,G,G,G,G,R,G,G,G,G,G,G,G,G,G,G,G,T,G,G,G,G,G,G,G,G,G,G,G,G,G,G,T,T,T,T,T,T,G,G,G,G,G,T,T,T,T,T,T,T,T,T
T,T,T,T,T,T,T,T,T,T,T,T,T,T,T,G,G,G,W,G,T,G,G,G,G,G,T,T,T,T,T,T,T,T,G,G,G,G,G,G,G,G,G,G,G,G,R,R,R,G,G,G,G,G,G,G,G,G,G,G,G,G,G,G,G,G,G,G,G,G,G,G,T,T,T,T,T,T,T,T,T,T,T,T,T,T,T,G,G,G,G,G,G,G,G,G,G,R,G,G,G,G,G,G,G,G,G,G,G,G,G,G,G,G,G,G,G,G,G,G,G,G,G,G,G,T,T,T,T,T,T,G,G,G,T,T,T,T,T,T,T,T,T,T
T,T,T,T,T,T,T,T,T,T,T,T,T,T,G,G,G,W,W,G,T,T,T,T,T,T,T,T,T,T,T,T,G,G,G,G,G,G,G,G,G,G,G,G,R,R,R,R,G,G,G,G,G,G,G,G,G,G,G,G,G,G,G,G,G,G,G,G,G,G,G,G,G,T,T,T,T,T,T,T,T,T,T,T,T,T,T,G,G,G,G,G,G,G,G,G,G,R,G,G,G,G,G,G,G,G,G,G,G,G,G,G,G,G,G,G,G,G,G,G,G,G,G,G,T,T,T,T,T,T,G,G,G,T,T,T,T,T,T,T,T,T,T,T
T,T,T,T,T,T,T,T,T,T,T,T,G,G,G,W,G,W,W,G,T,T,T,T,T,T,T,T,T,T,G,G,G,G,G,G,G,G,R,R,R,R,R,R,R,R,R,R,G,G,G,G,G,G,G,G,G,G,G,G,G,G,G,G,G,G,G,G,G,G,T,G,G,T,T,T,T,T,T,T,T,T,T,T,T,T,T,G,G,G,G,G,G,G,G,G,G,G,G,G,G,G,G,G,G,G,G,G,G,G,G,G,G,G,G,G,G,G,G,G,G,G,G,G,G,T,T,T,T,T,G,G,G,G,T,T,T,T,G,T,T,T,T,T
T,T,T,T,T,T,T,T,T,T,T,G,G,G,W,W,G,G,G,G,T,T,T,T,T,T,T,T,T,T,T,G,G,G,G,G,G,G,R,R,R,R,R,R,R,R,R,R,R,G,G,G,G,G,G,G,G,G,G,G,G,G,G,G,G,G,G,G,G,G,G,G,G,T,T,T,T,T,T,T,T,T,T,T,T,T,T,T,T,T,G,G,G,G,G,G,G,G,G,G,G,G,G,G,G,G,G,G,G,G,G,G,G,G,G,G,G,G,G,G,G,G,G,G,T,T,T,T,T,T,G,G,G,G,G,T,T,G,G,T,T,G,G,G
T,T,T,T,G,G,G,G,G,G,G,G,G,G,W,G,G,T,T,T,T,T,T,T,T,T,T,T,T,T,T,T,G,G,G,G,G,G,R,R,R,R,R,R,R,R,R,R,R,R,R,G,G,G,G,G,G,G,G,G,G,G,G,G,G,G,G,G,G,G,G,G,G,T,T,T,T,T,T,T,T,T,T,T,T,T,T,T,T,T,G,G,G,T,T,G,G,G,G,G,G,G,G,G,G,G,G,G,G,G,G,G,G,G,G,G,G,G,G,G,G,G,G,T,T,T,T,T,T,G,G,G,G,G,G,G,G,G,G,G,G,G,G,G
T,T,G,G,G,W,W,W,W,W,W,G,G,G,G,G,T,T,T,T,T,T,T,T,T,T,T,T,T,T,T,G,G,G,G,G,G,G,G,G,G,G,G,G,G,G,R,R,R,R,R,R,G,R,R,R,R,G,G,G,G,G,G,G,T,T,T,G,G,G,G,G,G,T,T,T,T,T,T,T,T,T,T,T,T,T,T,T,T,T,G,T,G,T,T,G,T,G,G,G,G,G,G,G,G,G,G,G,G,G,G,G,G,G,G,G,G,G,G,G,G,G,G,T,T,T,T,T,T,G,G,G,G,G,G,G,G,G,G,G,G,G,G,G
G,G,G,W,W,W,W,W,W,G,G,G,G,G,G,T,T,T,T,T,T,T,T,T,T,T,T,T,T,T,T,G,G,G,G,G,G,G,G,G,G,G,G,G,G,G,R,R,R,R,R,R,R,R,R,R,R,R,G,G,G,G,G,G,T,T,T,T,T,T,T,T,T,T,T,T,T,T,T,T,T,T,T,T,T,T,T,T,T,T,T,T,T,T,T,T,T,T,G,G,G,G,G,G,G,G,G,G,G,G,G,G,G,G,G,G,G,G,G,T,G,G,G,T,G,G,T,G,G,G,G,G,G,G,G,G,G,G,G,G,G,G,G,G
G,W,W,W,W,W,W,G,G,G,G,G,G,G,G,T,T,T,T,T,T,T,T,T,T,T,T,T,T,T,T,G,G,G,G,G,G,G,G,G,G,G,G,G,G,G,R,R,R,R,R,R,R,R,R,R,R,R,R,G,G,G,G,G,T,T,T,T,T,T,T,T,T,T,T,T,T,T,T,T,T,T,T,T,T,T,T,T,T,T,T,T,T,T,T,T,T,T,T,T,G,G,G,G,G,G,G,G,G,G,G,G,G,G,G,G,G,G,G,T,G,G,G,G,G,G,G,G,G,G,G,G,G,G,G,G,G,G,G,G,G,G,G,G
W,W,W,G,G,G,G,G,G,G,G,G,G,G,G,T,T,T,T,T,T,T,T,T,T,T,T,T,T,G,G,G,G,G,G,G,G,G,G,G,G,G,G,G,G,G,R,R,R,G,G,R,R,R,G,R,R,R,R,R,G,G,G,G,T,T,T,T,T,T,T,T,T,T,T,T,T,T,T,T,T,T,T,T,T,T,T,T,T,T,T,T,T,T,T,T,T,T,T,T,T,G,G,G,G,G,G,G,G,G,G,G,G,G,G,G,G,G,T,T,G,G,G,G,G,G,G,G,G,G,G,G,G,G,G,G,G,G,G,G,G,G,G,G
W,W,W,G,G,G,G,G,G,G,T,T,T,T,T,T,T,T,T,T,T,T,T,T,T,T,T,T,T,G,G,G,G,G,G,G,G,G,G,G,G,G,G,G,G,G,R,R,R,G,G,G,G,G,G,G,R,R,R,R,R,G,G,G,T,T,T,T,T,T,T,T,T,T,T,T,T,T,T,T,T,T,T,T,T,T,T,T,T,T,T,T,T,T,T,T,T,T,T,T,T,G,G,G,G,G,G,G,G,G,G,G,G,G,G,G,G,G,G,G,G,G,G,G,G,G,G,G,G,G,G,G,G,G,G,G,G,G,G,G,G,G,G,G
G,W,G,G,G,G,G,G,G,T,T,T,T,T,T,T,T,T,T,T,T,T,T,T,T,T,T,T,T,G,G,G,G,G,G,G,G,G,G,G,G,G,G,G,G,G,R,R,R,G,G,G,G,G,G,G,G,R,R,R,R,R,G,G,T,T,T,T,T,T,T,T,T,T,T,T,T,T,T,T,T,T,T,T,T,T,T,T,T,T,T,T,T,T,T,T,T,T,T,T,G,G,G,G,G,G,G,G,G,G,G,G,G,G,G,G,G,G,G,G,G,G,G,G,G,G,G,G,G,G,G,G,G,G,G,G,G,G,G,G,G,G,G,G
G,G,G,G,G,G,G,T,T,T,T,T,T,T,T,T,T,T,T,T,T,T,T,T,T,T,T,T,T,G,G,G,G,G,G,G,G,G,G,G,G,G,G,G,G,G,R,R,R,G,G,G,G,G,G,G,G,G,R,R,R,R,R,G,G,G,G,T,T,T,T,T,T,T,T,T,T,T,T,T,T,T,T,T,T,T,T,T,T,T,T,T,T,T,T,T,T,T,T,T,T,G,G,G,G,G,G,G,G,G,G,G,G,G,G,G,G,G,G,G,G,G,G,G,G,G,G,G,G,G,G,G,G,G,G,G,G,G,G,G,G,G,G,G
T,T,G,T,T,T,G,T,T,T,T,T,T,T,T,T,T,T,T,T,T,T,T,T,T,T,T,T,T,T,G,G,G,G,G,G,G,G,G,G,G,G,G,G,G,G,R,R,R,G,G,G,G,G,G,G,G,G,G,R,R,G,G,G,G,G,G,T,T,T,T,T,T,T,T,T,T,T,T,T,T,T,T,T,T,T,T,T,T,T,T,T,T,T,T,T,T,T,T,T,G,G,G,G,G,G,G,G,G,G,G,G,G,G,G,G,G,G,G,G,G,G,G,G,G,G,G,G,G,G,G,G,G,G,G,G,G,G,G,G,G,G,G,G
T,T,T,T,T,T,T,T,T,T,T,T,T,T,T,T,T,T,T,T,T,T,T,T,T,T,T,T,T,T,T,T,G,G,G,G,G,G,G,G,G,G,G,G,G,G,R,R,R,G,G,G,G,G,G,G,G,G,G,G,R,R,G,G,G,G,G,T,T,T,T,T,T,T,T,T,T,T,T,T,T,T,T,G,G,G,T,T,T,T,T,T,T,T,T,T,T,T,T,T,G,W,G,G,G,W,W,W,W,W,W,W,W,W,G,G,G,G,G,G,G,G,G,G,G,G,G,G,G,G,G,G,G,G,G,G,G,G,G,G,G,G,G,G
T,T,T,T,T,T,T,T,T,T,T,T,T,T,T,T,T,T,T,T,T,T,T,T,T,T,T,T,T,T,T,T,G,G,T,T,G,G,G,G,G,G,T,T,T,T,R,R,R,G,G,G,G,G,G,G,G,G,G,G,G,R,R,G,G,G,G,G,G,T,T,T,T,T,T,T,T,T,T,T,T,T,T,G,G,G,T,T,T,T,T,T,T,T,T,T,G,G,G,G,G,W,W,W,W,W,G,G,G,W,W,W,W,W,G,G,G,G,G,G,G,G,G,G,G,G,G,G,G,G,G,G,G,G,G,G,G,G,G,G,G,G,G,G
T,T,T,T,T,T,T,T,T,T,T,T,T,T,T,T,T,T,T,T,T,T,T,T,T,T,T,T,T,T,T,T,T,T,T,T,G,G,G,G,T,T,T,T,T,T,R,R,R,G,G,G,G,G,G,T,G,G,G,G,G,G,G,G,G,G,R,G,G,G,G,G,G,G,T,T,G,G,T,T,T,T,T,T,G,G,T,T,T,T,T,T,T,T,T,T,G,G,G,G,G,W,W,W,W,W,G,G,G,W,G,G,G,W,G,G,G,G,G,G,G,G,G,G,G,G,G,G,G,G,G,G,G,G,G,G,G,G,G,G,G,G,G,G
T,T,T,T,T,T,T,T,T,T,T,T,T,T,T,T,T,T,T,T,T,T,T,T,T,T,T,T,T,T,T,T,T,T,T,T,T,G,G,T,T,T,T,T,G,G,R,R,G,G,G,G,G,G,G,G,G,T,T,G,G,G,G,G,G,G,R,G,G,G,G,G,G,G,G,G,G,G,G,G,G,G,G,G,G,G,G,G,G,G,G,G,G,G,G,G,G,G,G,G,G,G,G,W,W,W,G,G,G,W,G,G,G,W,G,G,G,G,G,G,G,G,G,G,G,G,G,G,G,G,G,G,G,G,G,G,G,G,G,G,G,G,G,G
T,T,T,T,T,T,T,T,T,T,T,T,T,T,T,T,T,T,T,T,T,T,T,T,T,T,T,T,T,T,T,T,T,T,T,T,T,T,T,T,T,T,T,T,G,R,R,G,G,G,G,G,T,G,G,T,T,T,T,G,G,G,G,G,R,G,R,R,G,G,G,G,G,G,G,G,G,G,G,G,G,G,G,G,G,G,G,G,G,G,G,G,G,G,G,G,G,G,G,G,G,G,G,G,G,G,W,W,W,W,G,G,G,W,G,G,R,G,G,G,G,R,R,G,G,G,G,G,G,G,G,G,G,G,G,G,G,G,G,G,G,G,G,G
T,T,T,T,T,T,T,T,T,T,T,T,T,T,T,T,T,T,T,T,T,T,T,T,T,T,T,T,T,T,T,T,T,T,T,T,T,T,T,T,T,G,G,G,R,R,R,G,G,G,G,G,G,G,G,T,T,T,T,G,G,G,T,T,R,R,R,R,R,G,G,G,G,G,G,G,G,G,G,G,G,G,G,G,G,G,G,G,G,G,G,G,G,G,G,R,R,R,R,G,R,R,R,R,R,R,W,W,W,W,W,W,W,W,G,G,G,G,G,G,R,R,R,G,G,G,G,G,G,G,G,G,G,G,G,G,G,G,G,G,G,G,G,T
T,T,T,T,T,T,T,T,T,T,T,T,T,T,T,T,T,T,T,T,T,T,T,T,T,T,T,T,T,T,T,T,T,T,T,T,T,T,T,T,G,G,G,R,R,R,G,G,G,G,G,G,G,G,G,T,T,G,G,G,G,T,G,G,G,R,R,R,R,R,G,G,G,G,G,G,G,G,G,G,G,G,G,G,G,G,G,G,G,G,R,R,R,R,R,R,R,R,R,R,R,R,R,R,R,R,R,R,W,W,W,W,W,R,R,R,G,G,G,G,R,R,R,R,R,G,G,G,G,G,G,G,G,G,G,G,G,G,G,G,G,G,G,T
T,T,T,T,T,T,T,T,T,T,T,T,T,T,T,T,T,T,T,T,T,T,T,T,T,T,T,T,T,T,T,T,T,T,T,T,T,T,G,G,G,G,R,R,R,G,G,G,G,G,G,G,G,G,G,G,G,T,G,G,G,G,G,G,G,G,R,R,R,R,R,G,G,G,G,G,G,G,G,G,G,G,G,G,G,G,G,G,G,G,R,R,R,R,R,R,R,R,R,G,R,R,R,R,R,R,R,R,R,R,R,R,R,R,R,R,G,G,G,G,G,R,R,R,R,G,G,G,G,G,G,G,G,G,G,G,G,G,G,G,G,G,G,T
T,T,T,T,T,T,T,T,T,T,T,T,G,G,G,T,T,T,T,T,T,T,T,T,T,T,T,T,T,T,T,T,T,T,T,T,T,G,G,G,G,R,R,R,G,G,G,T,G,G,G,T,T,T,G,G,G,G,G,G,G,G,G,G,G,G,G,R,R,R,R,R,G,G,G,G,G,G,G,G,G,G,G,G,G,G,G,G,G,R,R,R,R,R,R,R,R,T,G,G,G,G,G,G,G,R,R,R,R,R,R,R,R,R,R,R,G,G,G,G,G,G,R,G,G,G,G,G,G,G,G,G,G,G,G,G,G,G,G,G,G,G,T,T
T,T,T,T,T,T,T,T,T,T,G,G,G,G,G,G,G,G,T,T,T,G,T,T,T,T,T,T,T,T,T,T,T,T,T,T,G,G,G,G,R,R,R,G,G,G,G,T,G,G,T,T,T,T,T,T,G,G,G,G,G,G,G,G,G,G,G,G,R,R,R,R,R,G,G,G,G,G,G,G,G,G,G,G,G,G,G,G,R,R,R,R,T,T,T,T,T,G,G,G,G,G,G,T,G,G,G,G,G,G,G,G,G,G,R,R,R,G,G,G,G,G,G,G,R,G,G,G,G,G,G,G,G,G,G,G,G,G,G,G,G,G,T,T
T,T,T,T,T,T,T,T,T,G,G,G,G,G,G,G,G,G,G,G,G,G,T,T,T,T,T,T,T,T,T,T,T,T,T,T,G,T,G,R,R,R,G,G,G,G,T,T,G,G,T,T,T,T,T,G,G,G,G,G,G,G,G,G,G,G,G,G,G,R,R,R,R,R,R,R,R,R,R,R,R,R,R,G,R,R,R,R,R,R,R,T,T,T,T,T,T,G,G,G,G,G,G,G,G,G,G,G,G,G,G,G,G,G,G,G,G,G,G,G,G,R,R,R,G,G,G,G,G,G,G,G,G,G,G,G,G,G,G,G,G,G,T,T
T,T,T,T,T,T,T,T,G,G,G,G,G,G,G,G,G,G,G,G,G,G,G,T,T,T,T,T,T,T,T,T,T,T,T,T,G,G,R,R,R,G,G,G,G,G,T,T,T,T,T,T,T,T,T,T,T,G,G,G,G,G,G,G,G,G,G,G,G,G,R,R,R,R,R,R,R,R,R,R,R,R,R,R,R,R,R,R,R,R,R,T,T,T,T,T,T,G,G,G,G,G,G,G,G,G,G,G,G,G,G,G,G,G,G,G,G,G,G,G,R,R,R,R,G,G,G,G,G,G,G,G,G,G,G,G,G,G,G,G,G,G,G,T
T,T,T,T,T,T,T,T,T,T,G,G,G,G,G,G,G,G,G,G,G,G,G,G,T,T,T,T,T,T,T,T,T,T,T,G,G,G,R,R,R,G,G,G,T,T,T,T,T,T,T,T,T,T,T,T,T,G,G,G,G,G,G,G,G,G,G,G,G,G,G,R,R,R,R,R,R,R,R,R,R,R,R,R,R,R,R,R,R,R,G,T,T,T,T,T,T,G,G,G,G,G,G,G,G,G,G,G,G,G,G,G,G,G,G,G,G,G,G,G,R,R,R,R,G,G,G,G,G,G,G,G,G,G,G,G,G,G,G,G,G,G,G,T
T,T,T,T,T,T,T,T,T,T,G,G,G,G,G,G,G,G,G,G,G,G,G,G,G,T,T,T,T,G,T,T,T,T,T,G,G,T,R,R,R,G,G,G,T,T,T,T,T,T,T,T,T,T,T,T,T,G,G,G,G,G,G,G,G,G,G,G,G,G,G,G,G,G,R,G,R,G,G,G,G,G,G,G,G,G,G,G,G,T,T,T,T,T,T,T,T,G,G,G,G,G,G,G,G,G,G,G,G,G,G,G,G,G,G,G,G,G,G,R,R,R,R,G,G,G,G,G,G,G,G,G,G,G,G,G,G,G,G,G,G,G,T,T
T,T,T,T,T,T,T,T,T,G,G,G,G,G,G,G,G,G,G,G,G,G,G,G,G,G,G,T,G,G,G,T,T,T,G,G,G,G,R,R,G,G,G,T,T,T,T,T,T,T,T,T,T,T,T,T,T,G,G,G,G,G,G,G,G,G,G,G,G,G,G,G,G,G,G,G,G,G,G,G,G,G,G,G,G,G,G,G,G,T,T,T,T,T,T,T,T,G,G,G,G,G,G,G,G,G,G,G,G,G,G,G,G,G,G,G,G,G,G,R,R,R,G,G,G,G,G,G,G,G,G,G,G,G,G,G,G,G,G,G,G,G,G,T
T,T,T,G,G,G,G,T,T,G,G,G,G,G,G,G,G,G,G,G,G,G,G,G,G,G,G,T,T,G,G,G,G,G,G,G,G,G,R,R,G,G,G,T,T,T,T,T,T,T,T,T,T,T,T,T,T,G,T,T,T,G,G,G,G,G,G,G,G,G,G,G,G,G,G,G,G,G,G,G,G,G,G,G,G,G,G,T,G,T,T,T,T,T,T,T,T,G,G,T,G,G,G,G,G,G,G,G,G,G,G,G,G,G,G,G,G,G,R,R,R,T,T,G,G,G,G,G,G,G,G,T,T,T,G,G,G,G,G,G,G,G,T,T
G,T,T,G,G,G,G,G,G,G,G,G,G,G,G,G,G,G,G,G,G,G,G,G,G,G,G,G,G,G,G,G,G,G,G,G,G,R,R,R,G,G,T,T,T,T,T,T,T,T,T,T,T,T,T,T,T,T,T,T,T,G,G,G,G,G,G,G,G,G,G,G,G,G,G,G,G,G,G,G,G,G,G,G,G,G,G,G,G,T,T,T,T,T,T,T,T,G,G,G,G,G,G,G,G,G,G,G,G,G,G,G,G,G,G,G,G,R,R,G,T,T,T,G,G,G,G,G,G,G,G,T,G,G,G,G,G,G,G,G,G,T,T,T
G,G,G,G,G,G,G,G,G,G,G,G,G,G,G,G,G,G,G,G,G,G,G,G,G,G,G,G,G,G,G,G,G,G,G,G,R,R,R,R,G,G,G,T,T,T,T,T,T,T,T,T,T,T,T,T,T,T,T,T,G,G,G,G,T,T,G,G,G,G,G,G,G,G,G,G,G,G,G,G,G,G,G,G,G,G,T,T,T,T,T,T,T,T,T,T,T,G,G,G,G,G,G,G,G,G,G,G,G,G,G,G,G,G,G,R,R,R,G,G,G,T,T,T,T,T,G,G,G,G,G,T,G,G,G,G,G,G,G,G,T,T,T,T
G,G,G,G,G,G,G,G,G,G,G,G,G,G,G,G,G,G,G,G,G,G,G,G,G,G,G,G,G,G,G,G,G,G,G,R,R,R,R,R,W,G,G,T,T,T,T,T,T,T,T,T,T,T,T,T,T,T,T,T,G,G,G,T,T,T,G,G,G,G,G,G,G,G,G,G,G,G,G,G,G,G,G,G,G,T,T,T,T,T,T,T,T,T,T,T,T,G,T,G,G,G,G,G,G,G,G,G,G,G,G,G,G,G,R,R,R,G,G,G,T,T,T,T,T,T,T,G,T,T,G,T,G,G,G,G,G,G,G,G,T,T,T,T
G,G,G,G,G,G,G,G,G,G,G,G,G,G,G,G,G,G,G,G,G,G,G,G,G,G,G,G,G,G,G,G,W,R,R,R,R,R,R,W,W,G,T,T,T,T,T,T,T,T,T,T,T,T,T,T,T,T,T,T,T,T,G,T,T,T,T,T,G,G,G,G,G,G,G,G,T,G,G,G,G,G,G,G,T,T,T,T,T,T,T,T,T,T,T,T,T,T,T,T,T,G,G,G,G,G,G,G,G,G,G,G,G,R,R,R,G,G,G,G,T,T,T,T,T,T,T,G,G,T,T,T,T,T,G,G,G,G,G,G,T,T,T,T
G,G,G,G,G,G,G,G,G,G,G,G,G,G,G,G,G,G,G,G,G,G,G,G,G,G,G,G,G,G,G,W,W,R,R,R,R,R,W,W,G,G,T,T,T,T,T,T,T,T,T,T,T,T,T,T,T,T,T,T,T,T,T,G,G,G,G,G,G,G,G,G,G,G,G,T,T,G,G,G,G,G,G,G,T,T,T,T,T,T,T,T,T,T,T,T,T,T,T,T,G,G,G,G,G,G,G,G,G,G,G,G,R,R,R,G,G,G,G,T,T,T,T,T,T,T,T,G,G,G,T,T,T,T,G,G,G,G,G,G,T,T,T,T
G,G,G,G,G,G,G,G,G,G,G,T,G,G,G,G,G,G,G,G,G,G,G,G,G,G,G,G,G,G,W,W,R,R,R,R,R,W,W,G,G,T,T,T,T,T,T,T,T,T,T,T,T,T,T,T,T,T,T,T,T,T,T,G,G,G,G,G,G,G,G,G,G,G,G,G,G,G,G,G,G,G,G,T,T,T,T,T,T,T,T,T,T,T,T,T,T,T,T,G,G,T,G,G,G,G,G,G,G,G,G,G,R,R,G,G,G,G,G,T,T,T,T,T,T,T,T,T,T,G,T,T,G,G,G,G,G,G,G,T,T,T,T,T
G,G,G,G,G,G,G,G,G,G,G,G,G,G,G,G,G,G,G,G,G,G,G,T,T,G,G,G,G,W,W,R,R,R,R,R,W,W,G,G,T,T,T,T,T,T,T,T,T,T,T,T,T,T,T,T,T,T,T,T,T,T,G,G,G,G,G,G,G,G,G,G,G,G,G,G,G,G,G,G,G,T,T,T,T,T,T,T,T,T,T,T,T,T,T,T,T,T,G,G,G,G,G,G,G,G,G,G,G,G,G,G,R,R,G,G,T,T,T,T,T,T,T,T,T,T,T,T,T,T,T,T,G,G,G,G,G,G,G,T,T,T,T,T
G,G,G,G,G,G,G,G,G,G,G,G,G,G,G,G,G,G,G,G,G,G,G,T,T,G,G,G,W,W,R,R,R,R,R,W,W,G,G,T,T,T,T,T,T,T,T,T,T,T,T,T,T,T,T,T,T,T,T,T,T,G,G,G,G,G,G,G,G,G,G,G,G,G,T,G,G,G,G,G,G,T,T,T,T,T,T,T,T,T,T,T,T,T,T,T,T,T,G,G,G,G,G,G,G,G,G,G,G,G,G,G,R,R,G,G,T,T,T,T,T,T,T,T,T,T,T,T,T,T,T,T,G,G,G,G,G,G,T,T,T,T,T,T
G,G,G,G,G,G,G,G,G,G,G,G,G,G,G,G,G,G,G,G,G,G,G,T,T,G,G,W,W,R,R,R,R,R,W,W,G,G,T,T,T,T,T,T,T,T,T,T,T,T,T,T,T,T,T,T,T,T,T,T,G,G,G,G,G,G,G,G,G,G,T,G,G,T,T,G,G,G,G,G,G,T,T,T,T,T,T,T,T,T,T,T,T,T,T,T,T,T,T,G,G,G,G,G,G,T,T,G,G,G,R,R,R,R,G,G,T,T,T,T,T,T,T,T,T,T,T,T,T,T,T,T,G,G,G,G,G,G,T,T,T,T,T,T
G,G,T,G,G,G,G,G,G,G,G,G,G,G,G,T,G,G,G,G,G,G,G,T,T,G,W,W,R,R,R,R,R,W,W,G,G,G,T,T,T,T,T,T,T,T,T,T,T,T,T,T,T,T,T,T,T,T,G,G,G,G,G,G,G,G,G,G,G,G,T,T,G,T,G,G,G,G,G,G,G,T,T,T,T,T,T,T,T,T,T,T,T,T,T,T,T,T,T,T,T,T,G,G,T,T,T,T,T,G,R,R,R,G,G,T,T,T,T,T,T,T,T,T,T,T,T,,T,T,T,T,G,G,G,G,G,G,T,T,T,T,G,G
G,G,G,G,G,G,G,G,G,T,G,G,G,G,G,G,G,G,G,G,G,G,T,G,G,G,W,R,R,R,R,R,W,W,G,G,G,G,G,T,T,T,T,T,T,G,G,G,T,T,T,T,T,T,T,T,T,G,G,G,G,G,G,G,G,G,G,G,G,T,T,T,T,T,G,G,G,G,G,G,G,T,T,T,T,T,T,T,T,T,T,T,T,T,T,T,T,T,T,T,T,T,T,T,T,T,T,T,T,T,R,R,R,G,G,T,T,T,T,T,T,T,T,T,T,T,T,T,T,T,G,G,G,G,G,G,G,T,T,T,T,G,G,G
G,G,G,G,G,G,G,G,G,G,G,G,G,G,G,G,G,G,G,G,G,G,G,G,G,W,W,R,R,R,R,R,W,W,G,G,G,G,G,G,G,T,T,T,T,G,W,G,T,T,T,T,T,T,T,T,T,G,G,G,G,G,G,G,G,G,G,T,T,T,T,T,T,T,G,G,G,G,G,G,G,T,T,T,T,T,T,T,T,T,T,T,T,T,T,T,T,T,T,T,T,T,T,T,T,T,T,T,T,T,R,R,R,G,G,T,T,T,T,T,T,T,T,T,T,T,T,T,T,G,G,G,G,G,G,G,G,T,T,T,T,G,G,G
G,G,G,G,G,G,G,G,G,G,G,G,G,G,G,G,G,G,G,G,G,G,G,G,G,W,W,R,R,R,R,R,W,W,G,G,G,G,G,G,G,G,G,T,T,G,G,G,T,T,T,T,T,T,G,G,G,G,G,G,G,G,G,G,G,G,T,T,T,T,T,T,T,T,G,G,G,G,G,G,G,T,T,T,T,T,T,T,T,T,T,T,T,T,T,T,T,T,T,T,T,T,T,T,T,T,T,T,T,T,R,R,R,G,G,T,T,T,T,T,T,T,T,T,T,T,T,T,T,G,G,G,G,G,G,G,G,T,T,T,T,G,G,G
G,G,G,G,G,G,G,G,G,G,G,G,G,G,G,G,G,G,G,G,G,G,G,G,G,G,W,R,R,R,R,R,W,G,G,G,G,G,G,G,W,W,G,T,T,T,T,T,T,T,T,T,T,G,G,G,T,G,G,G,G,G,G,G,G,G,T,T,T,T,T,T,T,T,G,G,G,G,G,G,G,T,T,T,T,T,T,T,T,T,T,T,T,T,T,T,T,T,T,T,T,T,T,T,T,T,T,T,T,R,R,R,R,T,T,T,T,T,T,T,T,T,T,T,T,T,T,T,T,G,G,G,G,G,G,G,G,T,T,T,T,G,G,G
G,G,G,G,G,G,G,G,G,G,G,G,G,G,G,G,G,G,G,G,G,G,G,G,G,G,W,R,R,R,R,R,R,R,G,G,G,G,G,W,W,G,G,T,T,T,T,T,T,G,G,G,G,G,G,G,G,G,G,G,G,G,G,G,G,T,T,T,T,T,T,T,T,T,G,G,G,G,G,G,G,T,T,T,T,T,T,T,T,T,T,T,T,T,T,T,T,T,T,T,T,T,T,T,T,T,T,T,G,R,R,R,R,G,G,T,T,T,T,T,T,T,T,T,T,T,T,T,G,G,G,G,G,G,G,G,G,T,T,T,T,G,G,G
G,G,G,G,G,G,G,G,G,G,G,G,G,G,G,G,G,G,G,G,G,G,G,G,G,G,W,R,R,R,R,R,R,R,G,G,G,G,W,W,W,G,G,T,T,T,T,T,T,G,W,G,G,G,G,G,G,G,G,G,G,G,G,G,T,T,T,T,T,T,T,T,T,T,G,G,G,G,G,G,G,T,T,T,T,T,T,T,T,T,T,T,T,T,T,T,T,T,T,T,T,T,T,T,T,T,T,T,G,R,R,R,R,G,G,T,T,T,T,T,T,T,T,T,T,T,T,T,G,G,G,G,G,G,G,G,G,T,T,T,T,T,G,G
G,G,G,G,G,G,G,G,G,G,G,G,G,G,G,G,G,G,T,G,G,G,G,G,G,G,W,R,R,R,R,R,R,R,G,G,G,G,W,W,G,G,G,T,T,T,T,T,G,G,W,G,G,G,G,G,T,G,G,G,G,T,T,T,T,T,T,T,T,T,T,T,T,T,G,G,G,G,G,G,G,T,T,T,T,T,T,T,T,T,T,T,T,T,T,T,T,T,T,T,T,T,T,T,T,T,T,T,G,R,R,R,G,G,T,T,T,T,T,T,T,T,T,T,T,T,T,T,G,G,G,G,G,G,G,G,G,T,T,T,T,T,G,G
G,G,G,G,G,G,G,G,G,G,G,G,G,G,G,G,G,G,G,G,G,T,G,T,G,G,W,R,R,R,R,R,W,G,T,G,G,G,G,G,G,G,G,G,G,G,G,G,G,W,W,G,G,G,G,G,G,G,G,G,G,T,T,T,T,T,T,T,T,T,T,T,T,T,G,G,G,G,G,G,G,T,T,T,T,T,T,T,T,T,T,T,T,T,T,T,T,T,T,T,T,T,T,T,T,T,T,T,G,R,R,R,G,G,T,T,T,G,T,T,T,T,T,T,T,T,T,G,G,G,G,G,G,G,G,G,G,T,T,T,T,T,G,G
G,G,G,G,G,G,G,G,G,G,G,G,G,G,G,G,G,G,G,G,G,G,G,G,G,G,W,R,R,R,R,R,W,G,G,G,G,G,G,G,G,G,G,G,G,G,G,G,G,W,G,G,G,G,G,G,G,T,G,G,T,T,T,T,T,T,T,T,T,T,T,T,T,T,G,G,G,G,G,G,G,T,T,T,T,T,T,T,T,T,T,T,T,T,T,T,T,T,T,T,T,T,T,T,T,T,T,T,G,R,R,R,G,G,G,G,T,G,T,G,G,T,T,T,T,T,G,G,G,G,G,G,G,G,G,G,G,G,T,T,T,T,G,G
G,G,G,G,G,G,G,G,G,G,G,G,G,G,G,G,G,G,G,G,G,G,G,G,G,G,W,R,R,R,R,R,W,G,G,G,G,G,G,G,G,G,G,G,G,G,G,G,G,W,G,G,G,G,G,G,G,G,G,T,T,T,T,T,T,T,T,T,T,T,T,T,T,T,G,G,G,G,G,G,G,T,T,T,T,T,G,G,G,G,G,G,G,T,T,T,T,T,T,T,T,T,T,T,T,T,T,T,G,R,R,R,G,G,G,G,G,G,G,G,G,T,T,T,T,T,G,G,G,G,G,G,G,G,G,G,G,T,T,T,T,T,G,G
G,G,G,G,G,G,G,G,G,G,G,G,G,G,G,G,G,G,G,G,T,G,G,G,G,R,R,R,R,R,R,R,W,G,G,G,G,G,G,G,G,G,G,G,G,G,G,G,W,W,G,G,G,G,G,G,T,T,T,T,T,T,T,T,T,T,T,T,T,T,T,T,T,T,G,G,G,G,G,T,T,T,T,T,T,G,G,G,G,G,G,G,G,T,T,T,T,T,T,T,T,T,T,T,T,T,T,G,G,R,R,R,G,G,G,G,G,G,G,G,G,G,T,T,T,T,G,G,G,G,G,G,G,G,G,G,T,T,T,T,G,G,G,G
G,G,G,G,G,G,G,G,G,G,G,G,G,G,G,G,G,G,G,G,G,T,G,G,G,R,R,R,R,R,R,R,W,G,G,G,G,G,G,G,G,G,S,S,G,W,W,W,W,G,G,G,G,G,G,G,T,T,T,T,T,T,T,T,T,T,T,T,T,T,T,T,T,T,G,G,G,G,T,T,T,T,T,G,G,G,G,G,G,G,G,G,G,T,T,T,T,T,T,T,T,T,T,T,T,T,T,G,G,R,R,R,G,G,G,W,G,G,G,G,G,G,T,G,G,G,G,G,G,G,G,G,G,G,G,T,T,T,T,T,G,G,G,G
G,G,G,G,G,G,G,G,G,G,G,G,G,G,G,G,G,G,G,G,G,G,G,G,G,R,R,R,R,R,R,R,W,G,G,G,G,G,G,G,G,S,S,S,W,W,G,G,G,G,G,G,G,G,G,G,G,T,T,T,T,T,T,T,T,T,T,T,T,T,T,T,G,G,G,G,G,T,T,T,T,T,T,G,G,G,G,G,G,G,G,G,T,T,T,T,T,T,T,T,T,T,T,T,T,T,G,G,G,R,R,R,G,G,W,W,W,W,G,G,G,G,G,G,G,G,G,G,G,G,G,G,G,G,T,T,T,T,T,T,G,G,G,G
G,G,G,G,G,G,G,G,G,G,G,G,G,G,G,G,G,G,G,G,G,G,G,G,G,G,W,R,R,R,R,R,W,G,G,G,G,G,G,S,S,S,S,W,W,G,G,G,G,G,G,G,G,G,G,G,G,T,T,T,T,T,T,T,T,T,T,T,T,T,T,G,G,G,G,G,T,T,T,T,T,G,G,G,G,R,R,G,G,G,G,G,T,T,T,T,T,T,T,T,T,T,T,T,T,G,G,G,G,R,R,R,G,G,W,W,W,W,G,G,G,G,G,G,G,G,G,G,G,G,G,G,G,T,T,T,T,T,T,T,G,G,G,G
G,G,G,G,G,G,G,G,G,G,G,G,G,G,G,G,G,G,G,G,G,G,G,G,G,G,W,R,R,R,R,R,W,G,G,G,G,G,G,S,S,S,S,S,S,G,G,G,G,G,G,G,G,G,G,G,G,T,T,T,T,T,T,T,T,T,T,T,T,T,G,G,G,G,G,T,T,T,T,T,G,G,G,G,G,R,G,G,G,G,G,G,T,T,T,T,T,T,T,T,T,T,T,T,G,G,G,G,G,R,R,R,G,W,W,W,W,W,W,G,G,G,G,G,G,G,G,G,G,G,G,G,T,T,T,T,T,T,T,T,G,G,G,G
G,G,G,G,G,G,G,G,G,G,G,G,G,G,G,G,G,G,G,G,T,G,G,G,G,G,W,R,R,R,R,R,W,W,G,G,G,G,G,G,S,S,S,S,S,S,G,G,G,G,G,G,G,G,G,G,G,T,T,T,T,T,T,T,T,T,T,T,T,G,G,G,G,G,G,T,T,T,T,G,G,G,G,G,R,G,G,G,G,G,G,G,T,T,T,T,T,T,T,T,T,T,T,T,G,G,G,G,G,R,R,R,G,G,W,W,W,W,W,G,G,G,G,G,G,G,G,G,G,G,G,T,T,T,T,T,T,T,T,G,G,G,G,G
G,G,G,G,G,G,G,G,G,G,G,G,G,G,G,G,G,G,G,G,G,G,G,T,G,G,W,R,R,R,R,R,G,W,W,G,G,G,G,G,W,S,S,S,G,G,G,T,G,G,G,G,G,T,T,T,T,T,T,T,T,T,T,T,T,T,T,T,T,G,G,G,G,G,T,T,T,T,T,G,G,G,G,R,G,G,G,G,G,T,T,T,T,T,T,T,T,T,T,T,T,T,T,T,G,G,G,G,G,R,R,R,R,R,G,W,W,W,W,W,W,G,G,G,G,G,G,G,G,G,T,T,T,T,T,T,T,T,T,G,G,G,G,G
G,G,G,G,G,G,G,G,G,G,G,G,G,G,G,G,G,G,G,G,G,G,G,G,G,G,W,R,R,R,R,R,G,G,W,W,W,G,G,W,W,S,S,G,G,G,T,T,T,T,T,T,T,T,T,T,T,T,T,T,T,T,T,T,T,T,T,T,T,G,G,G,G,G,G,T,T,T,G,G,G,R,R,R,G,G,G,G,G,T,T,T,T,T,T,T,T,T,T,T,T,T,T,G,G,G,G,G,G,G,R,R,R,R,G,W,W,W,W,W,W,G,G,G,G,G,G,G,G,G,T,T,T,T,T,T,T,T,G,G,G,G,G,G
G,G,G,G,G,G,G,G,G,G,G,G,G,G,G,G,G,G,G,G,G,G,G,G,G,G,W,R,R,R,R,R,G,G,G,G,W,W,W,W,G,G,S,G,G,G,G,T,T,T,T,T,T,T,T,T,T,T,T,T,T,T,T,T,T,T,T,T,T,G,G,G,G,G,G,G,G,G,G,G,G,G,G,G,G,G,G,G,G,T,T,T,T,T,T,T,T,T,T,T,T,T,T,G,G,G,G,G,G,G,R,R,R,R,G,W,W,W,W,W,W,G,G,G,G,G,G,G,G,T,T,T,T,T,T,T,T,G,G,G,T,T,T,T
G,G,T,G,G,G,G,G,G,G,T,G,G,G,G,G,G,G,G,G,G,G,G,G,T,G,W,R,R,R,R,R,G,G,G,G,G,W,W,G,G,G,G,G,G,G,G,G,T,T,T,T,T,T,T,T,T,T,T,T,T,T,T,T,T,T,T,T,T,G,G,G,G,G,G,G,G,G,G,G,G,G,G,G,G,G,G,T,T,T,T,T,T,T,T,T,T,T,T,T,T,T,G,G,G,G,G,G,G,G,R,R,R,R,R,G,G,W,W,W,W,G,G,G,G,G,G,G,T,T,T,T,T,T,T,T,T,G,G,T,T,T,T,T
G,G,G,G,G,G,G,G,G,G,G,G,G,G,G,G,G,G,G,G,G,G,G,G,G,G,W,R,R,R,R,R,R,G,G,G,G,W,W,G,G,G,G,G,G,G,G,G,T,T,T,T,T,T,T,T,T,T,T,T,T,T,T,T,T,T,T,T,T,G,G,G,G,G,G,G,G,G,G,G,G,T,T,T,T,T,T,T,T,T,T,T,T,T,T,T,T,T,T,T,T,T,G,G,G,G,G,G,G,G,G,R,R,R,R,G,G,W,W,W,W,G,G,G,G,T,T,T,T,T,T,T,T,T,T,T,G,G,T,T,T,T,T,T
G,G,W,W,W,W,W,W,G,G,G,G,G,G,G,G,G,G,G,G,G,G,G,G,G,G,W,G,R,R,R,R,R,G,G,G,S,S,S,G,G,G,G,G,G,G,G,G,T,T,T,T,T,T,T,T,T,T,T,T,T,T,T,T,T,T,T,T,T,G,G,G,G,G,G,G,G,T,G,T,T,T,T,T,T,T,T,T,T,T,T,T,T,T,T,T,T,T,T,T,T,T,T,T,T,T,T,T,T,T,G,G,R,R,R,G,G,G,G,G,G,G,G,G,T,T,T,T,T,T,T,T,T,T,T,G,T,T,T,T,T,T,T,T
G,G,W,W,W,W,W,W,G,G,G,G,G,G,G,G,G,G,G,G,G,G,G,G,G,G,W,G,R,R,R,R,R,G,G,S,S,S,S,S,G,G,G,G,G,G,G,G,T,T,T,T,T,T,T,T,T,T,T,T,T,T,T,T,T,T,T,T,G,G,G,G,G,G,G,G,G,T,T,T,T,T,T,T,T,T,T,T,T,T,T,T,T,T,T,T,T,T,T,T,T,T,T,T,T,T,T,T,T,T,G,G,R,R,R,G,G,G,G,G,G,G,G,T,T,T,T,T,T,T,T,T,T,T,T,T,T,T,T,T,T,T,T,T
G,W,W,W,W,W,W,W,G,G,G,G,G,G,G,G,G,G,G,G,G,G,G,G,G,G,W,W,G,G,G,R,R,G,S,S,S,S,S,S,G,G,G,G,G,G,G,G,T,T,T,T,T,T,T,T,T,T,T,T,T,T,T,T,T,T,T,G,T,G,G,G,G,G,G,G,G,T,T,T,T,T,T,T,T,T,T,T,T,T,T,T,T,T,T,T,T,T,T,T,T,T,T,T,T,T,T,T,T,T,T,T,R,R,R,G,G,G,G,G,G,G,G,T,T,T,T,T,T,T,T,T,T,T,T,T,T,T,T,T,T,T,T,T
W,W,W,W,W,W,W,W,G,G,G,G,S,G,G,G,G,G,G,G,G,G,G,G,G,G,G,W,G,G,T,G,R,G,S,S,S,S,S,S,G,G,G,G,G,G,G,G,T,T,T,T,T,T,T,T,T,T,T,T,T,T,T,T,T,G,G,G,G,G,G,G,G,G,G,G,T,T,T,T,T,T,T,T,T,T,T,T,T,T,T,T,T,T,T,T,T,T,T,T,T,T,T,T,T,T,T,T,T,T,T,T,R,R,R,R,G,G,G,G,G,G,G,T,T,T,T,T,T,T,T,T,T,T,T,T,T,T,T,T,T,T,T,T
W,W,W,W,W,W,W,W,W,W,S,S,S,G,G,G,G,G,G,G,G,G,G,G,G,G,G,W,W,G,G,G,G,G,S,S,S,S,S,G,G,G,G,G,G,G,T,T,T,T,T,T,T,T,T,T,T,T,T,T,T,T,G,G,G,G,G,G,G,G,G,G,G,G,G,G,G,G,G,G,G,G,G,T,T,T,T,T,T,T,T,T,T,T,T,T,T,T,T,T,T,T,T,T,T,T,T,T,T,T,T,R,R,R,R,G,G,G,G,G,G,G,G,T,T,T,T,T,T,T,T,T,T,T,T,T,T,T,T,T,T,T,T,T
W,W,W,W,W,W,W,W,W,W,S,S,S,S,G,G,G,G,G,G,G,G,G,G,T,G,G,G,W,G,G,G,G,G,S,S,S,S,S,G,G,R,R,R,G,G,T,T,T,T,T,T,T,T,T,T,T,T,T,T,T,G,T,G,G,G,G,G,G,G,G,G,G,T,G,G,G,G,G,T,G,G,G,T,T,T,T,T,T,T,T,T,T,T,T,T,T,T,T,T,T,T,T,T,T,T,T,T,T,T,R,R,R,R,R,G,G,G,G,G,G,G,G,T,T,T,T,T,T,T,T,T,T,T,T,T,T,T,T,T,T,T,T,T
G,W,W,W,W,W,W,W,W,S,S,S,S,S,S,S,G,G,G,G,G,G,G,G,G,G,G,G,W,G,G,G,G,G,S,S,S,S,S,G,R,R,R,R,R,G,T,T,T,T,T,T,T,T,T,T,T,T,T,T,G,G,G,G,G,G,G,G,G,T,T,T,T,T,G,G,G,G,G,T,G,T,T,T,T,T,T,T,T,T,T,T,T,T,T,T,T,T,T,T,T,T,T,T,T,T,T,T,T,T,R,R,R,R,G,G,G,G,G,G,G,G,G,T,T,T,T,T,T,T,T,T,T,T,T,T,T,T,T,T,T,T,T,T
G,G,G,W,W,W,G,W,S,S,S,W,W,W,W,S,G,G,G,G,G,G,G,G,G,G,G,G,W,G,G,G,G,S,S,S,S,S,S,G,R,R,R,R,R,R,G,T,T,T,T,T,T,T,T,T,T,T,T,G,G,G,G,G,G,G,G,G,T,T,T,T,T,T,T,T,T,T,T,T,T,T,T,T,T,T,T,T,T,T,T,T,T,T,T,T,T,T,T,T,T,T,T,T,T,T,T,T,T,T,R,R,R,G,G,G,G,G,G,G,G,G,G,T,T,T,T,T,T,T,T,G,G,G,G,G,G,G,G,T,T,T,T,T
G,G,G,G,G,W,G,S,S,S,S,W,W,W,W,S,S,G,G,G,G,G,G,G,G,G,G,G,W,W,G,G,G,S,S,S,W,G,G,G,R,R,G,R,R,R,R,G,T,T,T,T,T,T,T,T,T,T,T,G,T,T,G,G,G,G,G,T,T,T,T,T,T,T,T,T,T,T,T,T,T,T,T,T,T,T,T,T,T,T,T,T,T,T,T,T,T,T,T,T,T,T,T,T,T,T,T,T,T,T,R,R,R,G,G,G,G,G,G,G,G,G,T,T,T,T,T,T,T,T,G,G,G,G,G,G,G,G,G,G,T,T,T,T
G,G,G,G,G,G,G,S,S,S,W,W,W,W,W,S,S,S,G,G,G,G,G,G,G,G,G,G,S,W,W,S,S,S,S,W,G,G,G,G,G,G,G,R,R,R,R,R,G,G,G,G,G,G,G,G,G,G,G,G,G,G,G,G,G,G,T,T,T,T,T,T,T,T,T,T,T,T,T,T,T,T,T,T,T,T,T,T,T,T,T,T,T,T,T,T,T,T,T,T,T,T,T,T,T,T,T,T,T,T,R,R,R,G,G,G,G,G,G,G,G,G,T,T,T,T,T,T,T,T,G,G,G,G,G,G,G,G,G,G,G,T,T,T
G,G,G,G,G,G,G,S,W,W,W,W,W,W,W,S,S,S,S,G,G,G,G,G,G,G,G,G,S,S,S,S,S,S,W,W,G,G,G,G,G,G,G,G,R,R,R,R,R,G,G,G,G,G,G,G,G,G,G,G,G,G,G,G,G,G,G,T,T,T,T,T,T,T,T,T,T,T,T,T,G,G,T,T,T,T,T,T,T,T,T,T,T,T,T,T,T,T,T,T,T,T,T,T,T,T,T,T,T,T,R,R,R,G,G,G,G,G,G,G,G,G,T,T,T,T,T,T,T,G,G,G,G,G,G,G,G,G,G,G,G,T,T,T
G,G,G,G,G,G,G,W,W,W,W,W,W,W,W,S,S,S,S,G,G,G,G,G,G,G,G,G,S,S,S,S,S,W,W,G,G,G,G,G,G,G,G,G,G,R,R,R,R,R,T,G,G,G,G,T,G,G,G,G,G,G,G,G,G,G,G,G,T,T,T,T,T,T,T,T,G,G,G,G,G,G,G,T,T,T,T,T,T,T,T,T,T,T,T,T,T,T,T,T,T,T,T,T,T,T,T,T,T,T,R,R,R,G,G,G,G,G,G,G,G,T,T,T,T,T,T,T,G,G,G,G,G,G,G,G,G,G,G,G,G,T,T,T
G,G,G,G,G,G,W,W,W,W,W,W,W,W,S,S,S,S,W,W,W,G,G,G,G,G,G,G,G,S,S,S,S,S,G,G,G,G,G,G,G,G,G,G,G,G,R,R,R,R,R,G,G,G,G,G,G,G,G,G,G,G,G,G,G,G,G,G,T,T,T,T,T,T,G,G,G,G,G,G,G,G,G,G,G,G,G,T,T,T,T,T,T,T,T,T,T,T,T,T,T,T,T,T,T,T,T,T,T,T,R,R,R,G,G,G,G,G,G,G,G,T,T,T,T,T,T,G,G,G,G,G,G,G,G,G,G,G,T,T,T,T,T,T
G,G,G,G,G,G,W,W,W,W,W,W,S,S,S,S,S,G,G,G,W,G,G,T,G,G,G,G,G,S,S,S,G,G,G,G,G,G,G,G,G,G,G,G,G,G,G,R,R,R,R,R,G,G,G,G,G,G,G,G,G,G,G,G,G,G,G,G,T,T,G,G,G,G,G,G,G,G,G,G,G,G,G,G,G,G,G,T,T,T,T,T,T,T,T,T,T,T,T,T,T,T,T,T,T,T,T,T,T,T,R,R,R,G,G,G,G,G,G,G,G,T,T,T,T,T,T,G,G,G,G,G,G,G,G,G,G,T,T,T,T,T,T,T
G,G,G,G,G,G,G,W,W,S,W,S,S,S,S,G,G,G,G,G,W,W,G,G,G,G,G,G,G,G,S,S,G,G,G,G,G,G,G,G,G,G,G,G,G,G,G,G,R,R,R,R,R,R,R,R,R,R,R,R,R,R,R,R,G,G,G,G,G,G,G,G,G,G,G,G,G,G,G,G,G,G,G,G,G,G,G,T,T,T,T,T,T,T,T,T,T,T,T,T,T,T,T,T,T,T,T,T,T,T,R,R,R,G,G,G,G,G,G,G,G,T,T,T,T,T,G,G,G,G,G,G,G,G,G,G,G,T,T,T,T,T,T,T
G,G,G,G,G,G,G,W,W,S,S,S,S,S,G,G,G,G,G,G,G,W,W,W,G,G,G,G,G,G,S,W,G,G,T,G,G,G,G,G,G,G,G,G,G,G,G,G,G,R,R,R,R,R,R,R,R,R,R,R,R,R,R,R,R,G,G,G,G,G,G,G,G,G,T,G,G,G,G,G,G,G,G,G,G,G,T,T,T,T,T,T,T,T,T,T,T,T,T,T,T,T,T,T,T,T,T,T,T,T,R,R,R,G,G,G,G,G,G,G,T,T,T,T,T,G,G,G,G,G,G,G,G,G,G,G,T,T,T,T,T,T,T,T
G,G,G,G,G,G,G,W,S,S,S,S,S,W,G,G,G,G,T,G,G,G,W,W,G,G,G,G,G,G,W,W,G,G,G,G,G,G,G,G,G,G,G,G,G,G,T,T,T,T,R,R,R,R,R,R,R,R,R,R,R,R,R,R,R,R,G,G,G,G,G,G,G,G,G,G,G,G,G,G,G,G,G,G,G,T,T,T,T,T,T,T,T,T,T,T,T,T,T,T,T,T,T,T,T,T,T,T,T,T,R,R,R,G,G,G,G,G,G,G,T,T,T,T,T,G,G,G,G,G,G,G,G,G,G,G,T,T,T,T,T,T,T,T
G,G,G,G,T,G,G,G,S,S,W,W,W,W,G,G,T,G,T,T,G,G,G,W,W,G,G,G,G,W,W,W,G,G,G,G,G,G,G,G,G,G,G,G,G,G,T,T,T,T,T,T,T,T,T,T,T,T,T,T,T,T,R,R,R,R,R,G,G,G,G,G,G,G,G,G,G,G,G,G,G,G,G,G,T,T,T,T,T,T,T,T,T,T,T,T,T,T,T,T,T,T,T,T,T,T,T,T,T,T,R,R,G,G,G,G,G,G,G,T,T,T,G,T,T,G,G,G,G,G,G,G,G,G,G,G,T,T,T,T,T,T,T,T
G,G,G,G,G,G,S,S,S,W,W,W,G,G,G,G,T,T,T,G,G,G,G,G,W,W,W,W,W,W,W,W,G,G,G,G,G,G,G,G,G,G,G,G,G,G,T,T,T,T,T,T,T,T,T,T,T,T,T,T,T,G,G,R,R,R,R,R,G,G,G,G,G,G,G,G,G,G,G,G,G,G,G,G,G,G,G,T,T,T,T,T,T,T,T,G,G,G,G,G,G,G,T,G,G,G,G,G,G,T,R,R,G,G,G,G,G,G,G,T,T,T,G,T,T,G,G,G,G,G,G,G,G,G,T,T,T,T,T,T,T,T,T,T
T,G,G,G,G,G,G,G,G,G,W,W,G,T,T,T,T,T,T,T,T,G,G,G,G,G,G,G,W,W,W,W,G,G,T,G,G,G,G,G,G,G,G,G,G,G,G,G,T,T,T,T,T,T,T,T,T,T,T,T,T,T,G,G,R,R,R,R,R,G,G,G,G,G,G,G,G,G,G,G,G,G,G,G,G,G,G,G,T,T,T,T,G,G,G,G,G,G,G,G,G,G,G,G,G,G,G,G,G,G,R,R,G,G,G,G,G,G,G,T,T,G,G,T,T,G,G,G,G,G,G,G,G,T,T,T,T,T,T,T,T,T,T,T
T,G,G,G,G,G,G,T,G,G,W,W,G,G,G,G,T,T,T,T,T,T,G,G,G,G,G,G,W,W,W,W,G,G,G,G,G,G,G,G,G,G,G,G,G,G,G,G,G,T,T,T,T,T,T,T,T,T,T,T,T,T,G,G,G,R,R,R,R,R,G,G,G,G,G,G,G,G,G,G,G,G,G,G,G,G,G,T,T,T,T,T,G,G,G,G,G,G,G,G,G,G,T,G,G,G,G,G,G,R,R,R,G,G,G,G,G,G,G,T,G,G,G,G,G,G,G,G,G,G,G,G,T,T,T,T,T,T,T,T,T,T,T,T
T,G,G,G,G,G,G,G,G,G,G,G,G,T,T,T,T,T,T,T,T,G,G,G,G,G,G,W,W,G,G,G,G,G,G,G,G,G,G,G,G,G,G,G,G,G,G,G,G,T,T,T,T,T,T,T,T,T,T,T,T,T,G,G,G,G,R,R,R,R,R,G,G,G,G,G,G,G,G,G,G,G,G,G,G,G,G,G,T,T,G,G,G,T,G,G,G,G,G,G,G,T,T,T,G,G,G,G,R,R,G,G,G,G,G,G,G,G,G,G,G,G,G,G,G,G,G,G,G,T,T,T,T,T,T,T,T,T,T,T,T,T,T,T
G,G,G,G,G,G,G,G,G,G,G,G,G,T,T,T,T,T,T,T,T,T,T,G,G,G,G,W,G,G,G,G,G,G,G,G,G,G,T,G,G,G,G,G,G,G,G,G,G,T,T,T,T,T,T,T,T,T,T,T,G,G,G,G,G,G,G,R,R,R,R,R,G,G,G,T,G,G,G,G,G,G,G,G,G,G,G,G,G,G,G,G,G,G,G,G,G,G,G,G,G,T,T,G,G,G,G,R,R,R,G,G,G,G,G,G,G,G,G,G,G,G,G,G,G,G,G,G,T,T,T,T,T,T,T,T,T,T,T,T,T,T,T,T
G,G,G,G,G,G,G,G,G,G,G,G,G,T,T,T,T,T,T,T,T,T,T,G,G,G,G,W,G,G,T,G,W,G,T,G,G,G,G,G,G,G,G,G,G,G,G,G,G,T,T,T,T,T,T,T,T,T,T,T,G,G,G,G,G,G,G,G,R,R,R,R,R,G,G,G,G,G,G,G,G,G,G,G,G,G,G,G,R,G,G,G,G,G,G,G,G,G,G,G,G,T,T,G,G,G,G,R,R,R,G,G,G,G,G,G,G,G,G,G,G,G,G,G,G,G,G,G,T,T,T,T,T,T,T,T,T,T,T,T,T,T,T,T
G,G,G,G,G,G,G,G,G,G,G,T,T,T,T,T,T,T,T,T,T,T,T,G,G,G,G,W,W,G,G,G,W,G,G,G,G,G,G,G,G,G,G,G,G,G,G,G,G,T,T,T,T,T,T,T,T,T,T,T,G,G,G,G,G,G,G,G,G,R,R,R,R,R,G,G,G,G,G,R,R,R,G,G,G,G,G,G,G,R,G,G,G,G,G,G,G,G,G,G,T,T,G,G,G,G,R,R,R,G,G,G,G,G,G,G,G,G,G,G,G,G,G,G,G,G,T,T,T,T,T,T,T,T,T,T,T,T,T,T,T,T,T,T
G,G,G,G,G,G,G,G,G,G,G,T,T,T,T,T,T,T,T,T,T,T,G,G,G,G,G,G,W,W,W,W,W,G,G,G,G,G,G,G,G,G,G,G,G,G,T,G,G,T,T,T,T,T,T,T,T,T,T,T,G,G,G,G,G,G,G,G,G,G,R,R,R,R,R,R,R,R,R,R,R,R,R,G,G,G,G,G,G,R,G,G,G,G,G,G,G,G,G,G,G,G,G,G,G,R,R,R,G,G,G,G,G,G,G,G,G,G,G,G,G,G,G,G,G,G,T,T,T,T,T,T,T,T,T,T,T,T,T,T,T,T,T,T
G,G,G,G,G,G,G,G,G,G,G,T,T,T,T,T,T,T,T,T,T,T,T,T,T,G,G,G,G,W,W,W,G,G,G,G,T,G,G,G,G,G,G,G,G,T,T,T,T,T,T,T,T,T,T,T,T,T,T,T,G,G,G,G,G,G,G,G,G,G,G,R,R,R,R,R,R,R,R,R,G,G,R,R,G,G,G,G,G,R,G,G,G,G,G,G,G,G,G,G,G,G,G,G,R,R,R,G,G,G,G,G,G,G,G,G,G,G,G,G,G,G,G,G,G,G,T,T,T,T,T,T,T,T,T,T,T,T,T,T,T,T,T,T
G,G,G,G,G,G,G,G,G,G,T,T,T,T,T,T,T,T,T,T,T,T,T,T,T,T,T,G,G,G,W,W,G,G,G,T,G,G,G,G,G,G,G,G,G,T,T,T,T,T,T,T,T,T,T,T,T,T,T,G,G,G,G,G,G,G,G,G,G,G,G,G,R,R,R,R,R,R,G,G,G,G,R,R,R,G,G,G,G,R,G,G,G,G,G,G,G,G,G,G,G,G,G,R,R,R,G,G,G,G,G,G,G,G,G,G,G,G,G,G,G,G,G,G,G,G,T,T,T,T,T,T,T,T,T,T,T,T,T,T,T,T,T,T
G,G,G,G,G,G,G,G,G,G,T,T,T,T,T,T,T,T,T,T,T,T,T,T,T,T,G,G,G,G,G,W,G,G,T,T,G,G,G,G,G,G,G,G,G,T,T,T,T,T,T,T,T,T,T,T,G,G,G,G,G,G,G,G,G,G,G,G,G,G,G,G,G,G,G,G,G,G,G,G,G,G,G,R,R,R,G,G,R,R,R,G,G,G,G,G,G,G,G,G,G,R,R,R,R,G,G,G,G,G,G,G,G,G,G,G,G,G,G,G,G,G,G,G,G,G,T,T,T,T,T,T,T,T,T,T,T,T,T,T,T,T,T,T
T,T,T,T,G,G,G,G,G,G,T,T,T,T,T,T,T,T,T,T,T,T,T,T,T,G,G,G,G,G,G,G,G,T,T,T,T,G,G,G,G,G,G,G,T,T,T,T,T,T,T,T,T,T,G,G,G,G,G,G,G,G,G,G,G,G,G,G,G,G,G,G,G,G,G,G,G,G,G,G,G,G,G,R,R,R,R,R,R,R,R,R,G,G,G,G,G,G,G,G,R,R,R,R,G,G,G,G,G,G,G,G,G,G,G,G,G,G,G,G,G,G,G,G,G,G,T,T,T,T,T,T,T,T,T,T,T,T,T,T,T,T,T,T
T,T,T,T,T,T,T,T,T,T,T,T,T,T,T,T,T,T,T,T,T,T,T,T,T,G,G,G,G,G,G,G,T,T,G,G,G,G,G,G,G,G,G,G,T,T,T,T,T,T,T,T,T,G,G,G,G,G,G,G,G,G,G,G,G,G,G,G,G,G,G,G,G,G,G,G,G,G,G,G,G,G,G,G,R,R,R,R,R,G,R,R,R,G,G,G,G,R,R,R,R,R,R,G,G,G,G,G,R,R,R,R,G,G,G,G,G,G,G,G,G,G,G,G,G,G,T,T,T,T,T,T,T,T,T,T,T,T,T,T,T,T,T,T
T,T,T,T,T,T,T,T,T,T,T,T,T,T,T,T,T,T,T,T,T,T,T,T,G,G,G,G,G,G,T,T,G,T,G,G,G,G,R,G,G,G,G,T,T,T,T,T,T,T,T,T,T,T,T,G,G,G,G,G,G,G,G,G,G,G,G,G,G,G,G,G,G,G,G,G,G,G,G,G,G,G,G,G,G,G,G,R,G,G,R,R,R,R,G,G,R,R,R,R,R,R,R,G,G,G,R,R,R,G,G,G,G,G,G,G,G,G,G,G,G,G,G,G,G,G,T,T,T,T,T,T,T,T,T,T,T,T,T,T,T,T,T,T
T,T,T,T,T,T,T,T,T,T,T,T,T,T,T,T,T,T,T,T,T,T,T,G,G,G,G,G,G,T,T,T,T,G,G,G,G,G,R,G,G,G,G,T,T,T,T,T,T,T,T,T,T,T,T,T,T,G,G,G,G,G,G,G,G,G,G,G,G,G,G,G,G,G,G,G,G,G,G,G,G,G,G,G,G,G,G,G,G,T,R,R,R,R,R,R,R,R,R,R,R,R,R,R,R,R,R,R,G,G,G,G,G,G,G,G,G,G,G,G,G,G,G,G,G,T,T,T,T,T,T,T,T,T,T,T,T,T,T,T,T,T,T,T
T,T,T,T,T,T,T,T,T,T,T,T,T,T,T,T,T,T,T,T,T,T,T,G,G,G,G,G,T,T,T,T,G,G,G,G,G,G,R,G,G,T,T,T,T,T,T,T,T,T,T,T,T,T,T,T,T,T,G,G,G,G,G,G,G,G,G,G,G,G,G,G,G,G,G,G,G,G,G,G,G,G,G,G,G,G,G,G,G,G,G,R,R,R,R,R,R,R,R,R,R,R,R,R,G,G,G,R,R,G,G,G,G,G,G,G,G,G,G,G,G,G,G,G,T,T,T,T,T,T,T,T,T,T,T,T,T,T,T,T,T,T,T,T
T,T,T,T,T,T,T,T,T,T,T,T,T,T,T,T,T,T,T,T,T,T,T,T,T,G,G,G,T,T,T,T,G,G,G,R,R,R,R,G,G,T,T,T,T,T,T,T,T,T,T,T,T,T,T,T,T,G,G,G,G,G,G,G,G,G,G,G,G,G,G,G,G,G,G,G,G,G,G,G,G,G,G,G,G,G,G,G,G,G,G,G,R,R,R,R,R,R,R,R,R,R,R,T,G,G,G,G,R,R,G,G,G,G,R,G,G,G,G,G,G,G,G,T,T,T,T,T,T,T,T,T,T,T,T,T,T,T,T,T,T,T,T,T
T,T,T,T,T,T,T,T,T,T,G,T,T,T,T,T,T,T,T,T,T,T,T,T,T,T,T,T,T,T,T,G,G,G,R,R,R,G,G,G,G,T,T,T,T,T,T,T,T,T,T,T,T,T,T,T,T,G,G,G,G,G,G,G,G,G,G,G,G,G,G,G,T,T,G,G,G,G,G,G,G,G,G,G,G,G,G,G,G,G,G,G,G,G,G,G,R,R,R,R,R,R,R,G,G,G,G,G,G,R,G,G,G,R,G,G,G,G,G,G,G,G,T,T,T,T,T,T,T,T,T,T,T,T,T,T,T,T,T,T,T,T,T,T
T,T,T,T,T,T,T,T,G,G,G,G,G,T,T,T,T,T,T,T,T,T,T,T,T,T,T,T,T,T,G,G,G,R,R,R,R,G,G,G,G,T,T,T,T,T,T,T,T,T,T,T,T,T,T,T,T,G,G,G,G,G,G,G,G,G,G,G,G,G,G,T,T,G,G,G,G,G,G,G,G,G,G,G,G,G,T,T,G,G,G,G,G,G,G,G,R,R,R,R,R,R,R,G,G,G,G,G,G,G,R,R,R,G,G,G,G,G,G,G,G,T,T,T,T,T,T,T,T,T,T,T,T,T,T,T,T,T,T,T,T,T,T,T
T,T,T,T,G,G,G,T,G,G,G,G,G,T,T,T,T,T,T,T,T,T,T,T,T,T,T,T,T,T,G,G,G,R,R,R,G,G,G,G,G,T,T,T,T,T,T,T,T,T,T,T,T,T,T,T,T,T,T,T,T,G,G,G,G,G,G,G,G,G,G,G,T,T,T,T,G,G,G,G,G,G,G,G,G,G,T,T,G,G,G,G,G,G,G,G,R,G,G,G,G,G,G,G,G,G,G,G,G,G,G,G,G,G,G,G,G,G,G,G,G,T,T,T,T,T,T,T,T,T,T,T,T,T,T,T,T,T,T,T,T,T,T,T
T,T,T,T,G,G,G,G,G,G,G,G,G,T,T,T,T,T,T,T,T,T,T,T,T,T,T,T,T,T,G,G,R,R,R,R,R,R,G,G,G,T,T,T,T,T,T,T,T,T,T,T,T,T,T,T,T,T,T,T,T,G,G,G,G,G,G,G,G,G,G,G,T,T,T,G,G,G,G,G,G,G,G,G,G,G,G,G,G,G,G,G,G,G,G,R,R,G,G,G,G,G,G,W,G,G,G,G,G,G,G,G,G,G,G,G,G,G,G,G,G,T,T,T,T,T,T,T,T,T,T,T,T,T,T,T,T,T,T,T,T,T,T,T
T,T,T,T,G,G,G,G,G,G,G,G,G,T,T,T,T,T,T,T,T,T,T,T,T,T,T,T,T,T,T,G,R,R,G,G,R,G,G,G,G,T,T,T,T,T,T,T,T,T,T,T,T,T,T,T,T,T,T,T,T,G,G,G,G,T,T,T,T,T,G,T,T,T,G,G,G,G,G,G,G,G,G,G,G,G,G,G,G,G,G,G,G,G,R,R,G,G,G,G,G,G,G,W,G,G,G,G,G,G,G,G,G,G,G,G,G,G,G,G,G,g,T,T,T,T,T,T,T,T,T,T,T,T,T,T,T,T,T,T,T,T,T,T
T,T,T,T,G,G,G,G,G,G,G,G,G,T,T,T,T,T,T,T,T,T,T,T,T,T,T,T,T,T,G,G,R,R,G,G,R,G,G,G,G,T,T,T,T,T,T,T,T,T,T,T,T,T,T,T,T,T,T,T,T,T,T,T,G,T,T,T,T,T,G,T,T,T,T,T,T,G,G,G,G,G,G,G,G,G,G,G,G,G,G,G,G,G,R,G,G,G,G,G,G,G,G,W,G,G,G,G,G,G,G,G,G,G,G,G,G,G,G,G,G,T,T,T,T,T,T,T,T,T,T,T,T,T,T,T,T,T,T,T,T,T,T,T
G,G,G,G,G,G,G,G,G,G,G,G,G,G,T,G,G,G,T,T,T,T,T,T,T,T,T,T,T,T,G,G,R,R,G,R,R,G,G,G,G,T,T,T,T,T,T,T,T,T,T,T,T,T,T,T,T,T,T,T,T,T,T,T,T,T,T,T,T,T,T,T,T,T,T,T,T,T,G,G,G,G,G,G,G,G,G,G,G,G,G,G,G,R,R,G,G,G,G,G,G,G,G,G,G,G,G,G,G,G,G,G,G,G,G,G,G,G,G,G,G,T,T,T,T,T,T,T,T,T,T,T,T,T,T,T,T,T,T,T,T,T,T,T
G,G,G,G,G,G,G,G,G,G,G,G,G,G,G,G,G,G,G,G,T,T,T,T,T,T,T,T,T,T,G,G,G,G,T,G,G,G,G,G,G,T,T,T,T,T,T,T,T,T,T,T,T,T,T,T,T,T,T,T,T,T,T,T,T,T,T,T,T,T,T,T,T,T,T,T,T,T,G,G,G,G,G,G,G,G,G,G,G,G,G,G,R,R,G,G,G,G,G,G,G,G,G,G,G,G,G,G,G,G,G,G,G,G,G,G,G,G,G,G,T,T,T,T,T,T,T,T,T,T,T,T,T,T,T,T,T,T,T,T,T,T,T,T
G,G,G,G,G,G,G,G,G,G,G,G,G,G,G,G,G,G,G,G,G,T,T,T,T,T,T,T,T,T,T,G,G,G,G,G,G,G,G,G,G,T,T,T,T,T,T,T,T,T,G,G,G,G,T,T,T,T,T,T,T,T,T,T,T,T,T,T,T,T,T,T,T,T,T,T,T,G,G,G,G,G,G,G,G,G,G,G,G,G,G,G,R,R,G,G,G,G,G,G,G,G,G,G,T,T,G,G,G,G,G,G,G,G,G,G,G,G,G,G,T,T,T,T,T,T,T,T,T,T,T,T,T,T,T,T,T,T,T,T,T,T,T,T
G,G,G,G,G,G,G,G,G,G,G,G,G,G,G,G,G,G,G,G,G,T,T,T,T,T,T,T,T,T,G,G,G,G,G,G,G,G,G,G,G,T,T,T,T,T,T,G,G,G,G,G,G,G,G,T,T,T,T,T,T,T,T,T,T,T,T,T,T,T,T,T,T,T,T,T,T,T,T,G,G,G,G,G,G,G,G,G,G,G,G,G,G,G,G,G,G,G,G,G,G,T,G,G,T,T,T,T,G,G,G,G,G,G,G,G,G,G,G,G,G,T,T,T,T,T,T,T,T,T,T,T,T,T,T,T,T,T,T,T,T,T,T,T
G,G,G,G,G,G,G,G,G,G,G,G,G,G,G,G,G,G,G,G,G,G,T,T,T,T,T,T,T,T,T,T,T,T,T,T,T,T,T,T,T,T,T,T,T,T,T,G,G,G,G,G,G,G,G,G,T,T,T,T,T,T,T,T,T,T,T,T,T,T,T,T,T,T,T,T,T,T,T,T,T,T,T,G,G,G,T,G,G,G,G,G,R,G,G,G,G,G,G,G,G,G,G,G,T,T,T,T,T,G,G,T,G,G,G,G,G,G,G,T,T,T,T,T,T,T,T,T,T,T,T,T,T,T,T,T,T,T,T,T,T,T,T,T
G,G,G,G,G,G,G,G,G,G,G,G,G,G,G,G,G,G,G,G,G,G,T,T,T,T,T,T,T,T,T,T,T,T,T,T,T,T,T,T,T,T,T,T,T,T,G,G,G,G,G,G,G,G,G,G,T,T,T,T,T,T,T,T,T,T,T,T,T,T,T,T,T,T,T,T,T,T,T,T,T,T,T,G,G,G,T,T,T,G,G,G,G,G,G,G,G,G,G,G,G,T,T,T,T,T,T,T,T,T,T,G,G,G,G,G,G,G,G,G,T,T,T,T,T,T,T,T,T,T,T,T,T,T,T,T,T,T,T,T,T,T,T,T
G,G,G,G,G,G,G,G,G,G,G,G,G,G,G,G,G,G,G,G,G,G,T,T,T,T,T,T,T,T,T,T,T,T,T,T,T,T,T,T,T,T,T,T,T,G,G,G,G,G,G,G,G,G,G,G,T,T,T,T,T,T,T,T,T,T,T,T,T,T,T,T,T,T,T,T,T,T,T,T,T,T,T,G,T,T,T,T,T,G,G,G,G,G,G,G,G,G,T,T,T,T,T,T,T,T,T,T,T,T,T,T,T,G,G,G,G,G,T,T,T,T,T,T,T,T,T,T,T,T,T,T,T,T,T,T,T,T,T,T,T,T,T,T
G,G,G,G,G,G,G,G,G,G,G,G,G,G,G,G,G,G,G,G,G,G,T,T,T,T,T,T,T,T,T,T,T,T,T,T,T,T,T,T,T,T,T,T,G,G,G,G,G,G,G,G,G,G,G,G,G,T,T,T,T,T,T,T,T,T,T,T,T,T,T,T,T,T,T,T,T,T,T,T,T,T,T,G,G,T,T,T,T,G,G,G,G,G,G,G,G,G,T,T,T,T,T,T,T,T,T,T,T,T,T,T,G,G,G,G,G,G,T,T,T,T,T,T,T,T,T,T,T,T,T,T,T,T,T,T,T,T,T,T,T,T,T,T
G,G,G,G,G,G,G,G,G,G,G,G,G,G,G,G,G,G,G,G,G,G,G,T,T,T,T,T,T,T,T,T,T,T,T,T,T,T,T,T,T,T,T,G,G,G,G,G,G,G,G,G,G,G,G,G,G,G,T,T,T,T,T,T,T,T,T,T,T,T,T,T,T,T,T,T,T,T,T,T,T,T,T,G,T,T,T,T,T,G,G,G,G,G,G,G,T,T,T,T,T,T,T,T,T,T,T,T,T,T,T,T,G,G,G,G,G,G,T,T,T,T,T,T,T,T,T,T,T,T,T,T,T,T,T,T,T,T,T,T,T,T,T,T
G,G,G,G,G,G,G,G,G,G,G,G,G,G,G,G,G,G,G,G,G,G,G,T,T,T,T,T,T,T,T,T,T,T,T,T,T,T,T,T,T,T,T,G,G,G,G,G,G,G,G,G,G,G,G,G,G,G,G,G,T,T,T,T,T,T,T,T,T,T,T,T,T,T,T,T,T,T,T,T,T,T,T,T,T,T,T,T,T,T,T,G,G,G,G,G,G,G,T,T,T,T,T,T,T,T,T,T,T,T,T,T,G,G,G,G,G,G,T,T,T,T,T,T,T,T,T,T,T,T,T,T,T,T,T,T,T,T,T,T,T,T,T,T
G,G,G,G,G,G,G,G,G,G,G,G,G,G,G,G,G,G,G,G,G,G,G,T,T,T,T,T,T,T,T,T,T,T,T,T,T,T,T,T,T,T,T,G,G,G,G,G,G,G,G,G,G,G,G,G,G,G,G,G,T,T,T,T,T,T,T,T,T,T,T,T,T,T,T,T,T,T,T,T,T,T,T,T,T,T,T,T,T,T,T,G,G,G,G,G,G,G,T,T,T,T,T,T,T,T,T,T,T,T,T,T,T,T,G,G,G,G,T,T,T,T,T,T,T,T,T,T,T,T,T,T,T,T,T,T,T,T,T,T,T,T,T,T
